seq,anchor_robot_t,step,step_robot_t,vx,wz,dt
23194,432128.5708,0,432128.5708,0.0,0.0,0.03333
23194,432128.5708,1,432128.6041,0.0,0.0,0.03333
23194,432128.5708,2,432128.6374,0.0,0.0,0.03333
23194,432128.5708,3,432128.6708,0.0,0.0,0.03333
23194,432128.5708,4,432128.7041,0.0,0.0,0.03333
23194,432128.5708,5,432128.7374,0.0,0.0,0.03333
23194,432128.5708,6,432128.7708,0.0,0.0,0.03333
23194,432128.5708,7,432128.8041,0.0,0.0,0.03333
23194,432128.5708,8,432128.8374,0.0,0.0,0.03333
23194,432128.5708,9,432128.8708,0.0,0.0,0.03333
23194,432128.5708,10,432128.9041,0.0,0.0,0.03333
23194,432128.5708,11,432128.9374,0.0,0.0,0.03333
23194,432128.5708,12,432128.9708,0.0,0.0,0.03333
23194,432128.5708,13,432129.0041,0.0,0.0,0.03333
23194,432128.5708,14,432129.0374,0.0,0.0,0.03333
23194,432128.5708,15,432129.0708,0.0,0.0,0.03333
23194,432128.5708,16,432129.1041,0.0,0.0,0.03333
23194,432128.5708,17,432129.1374,0.0,0.0,0.03333
23194,432128.5708,18,432129.1708,0.0,0.0,0.03333
23194,432128.5708,19,432129.2041,0.0,0.0,0.03333
23194,432128.5708,20,432129.2374,0.0,0.0,0.03333
23194,432128.5708,21,432129.2708,0.0,0.0,0.03333
23194,432128.5708,22,432129.3041,0.0,0.0,0.03333
23194,432128.5708,23,432129.3374,0.0,0.0,0.03333
23194,432128.5708,24,432129.3708,0.0,0.0,0.03333
23194,432128.5708,25,432129.4041,0.0,0.0,0.03333
23194,432128.5708,26,432129.4374,0.0,0.0,0.03333
23194,432128.5708,27,432129.4708,0.0,0.0,0.03333
23194,432128.5708,28,432129.5041,0.0,0.0,0.03333
23194,432128.5708,29,432129.5374,0.0,0.0,0.03333
23194,432128.5708,30,432129.5708,0.0,0.0,0.03333
23194,432128.5708,31,432129.6041,0.0,0.0,0.03333
23195,432128.672,0,432128.672,0.0,0.0,0.03333
23195,432128.672,1,432128.7053,0.0,0.0,0.03333
23195,432128.672,2,432128.7386,0.0,0.0,0.03333
23195,432128.672,3,432128.772,0.0,0.0,0.03333
23195,432128.672,4,432128.8053,0.0,0.0,0.03333
23195,432128.672,5,432128.8386,0.0,0.0,0.03333
23195,432128.672,6,432128.872,0.0,0.0,0.03333
23195,432128.672,7,432128.9053,0.0,0.0,0.03333
23195,432128.672,8,432128.9386,0.0,0.0,0.03333
23195,432128.672,9,432128.972,0.0,0.0,0.03333
23195,432128.672,10,432129.0053,0.0,0.0,0.03333
23195,432128.672,11,432129.0386,0.0,0.0,0.03333
23195,432128.672,12,432129.072,0.0,0.0,0.03333
23195,432128.672,13,432129.1053,0.0,0.0,0.03333
23195,432128.672,14,432129.1386,0.0,0.0,0.03333
23195,432128.672,15,432129.172,0.0,0.0,0.03333
23195,432128.672,16,432129.2053,0.0,0.0,0.03333
23195,432128.672,17,432129.2386,0.0,0.0,0.03333
23195,432128.672,18,432129.272,0.0,0.0,0.03333
23195,432128.672,19,432129.3053,0.0,0.0,0.03333
23195,432128.672,20,432129.3386,0.0,0.0,0.03333
23195,432128.672,21,432129.372,0.0,0.0,0.03333
23195,432128.672,22,432129.4053,0.0,0.0,0.03333
23195,432128.672,23,432129.4386,0.0,0.0,0.03333
23195,432128.672,24,432129.472,0.0,0.0,0.03333
23195,432128.672,25,432129.5053,0.0,0.0,0.03333
23195,432128.672,26,432129.5386,0.0,0.0,0.03333
23195,432128.672,27,432129.572,0.0,0.0,0.03333
23195,432128.672,28,432129.6053,0.0,0.0,0.03333
23195,432128.672,29,432129.6386,0.0,0.0,0.03333
23195,432128.672,30,432129.672,0.0,0.0,0.03333
23195,432128.672,31,432129.7053,0.0,0.0,0.03333
23196,432128.7734,0,432128.7734,0.0,0.0,0.03333
23196,432128.7734,1,432128.8068,0.0,0.0,0.03333
23196,432128.7734,2,432128.8401,0.0,0.0,0.03333
23196,432128.7734,3,432128.8734,0.0,0.0,0.03333
23196,432128.7734,4,432128.9068,0.0,0.0,0.03333
23196,432128.7734,5,432128.9401,0.0,0.0,0.03333
23196,432128.7734,6,432128.9734,0.0,0.0,0.03333
23196,432128.7734,7,432129.0068,0.0,0.0,0.03333
23196,432128.7734,8,432129.0401,0.0,0.0,0.03333
23196,432128.7734,9,432129.0734,0.0,0.0,0.03333
23196,432128.7734,10,432129.1068,0.0,0.0,0.03333
23196,432128.7734,11,432129.1401,0.0,0.0,0.03333
23196,432128.7734,12,432129.1734,0.0,0.0,0.03333
23196,432128.7734,13,432129.2068,0.0,0.0,0.03333
23196,432128.7734,14,432129.2401,0.0,0.0,0.03333
23196,432128.7734,15,432129.2734,0.0,0.0,0.03333
23196,432128.7734,16,432129.3068,0.0,0.0,0.03333
23196,432128.7734,17,432129.3401,0.0,0.0,0.03333
23196,432128.7734,18,432129.3734,0.0,0.0,0.03333
23196,432128.7734,19,432129.4068,0.0,0.0,0.03333
23196,432128.7734,20,432129.4401,0.0,0.0,0.03333
23196,432128.7734,21,432129.4734,0.0,0.0,0.03333
23196,432128.7734,22,432129.5068,0.0,0.0,0.03333
23196,432128.7734,23,432129.5401,0.0,0.0,0.03333
23196,432128.7734,24,432129.5734,0.0,0.0,0.03333
23196,432128.7734,25,432129.6068,0.0,0.0,0.03333
23196,432128.7734,26,432129.6401,0.0,0.0,0.03333
23196,432128.7734,27,432129.6734,0.0,0.0,0.03333
23196,432128.7734,28,432129.7068,0.0,0.0,0.03333
23196,432128.7734,29,432129.7401,0.0,0.0,0.03333
23196,432128.7734,30,432129.7734,0.0,0.0,0.03333
23196,432128.7734,31,432129.8068,0.0,0.0,0.03333
23197,432128.8743,0,432128.8743,0.0,0.0,0.03333
23197,432128.8743,1,432128.9077,0.0,0.0,0.03333
23197,432128.8743,2,432128.941,0.0,0.0,0.03333
23197,432128.8743,3,432128.9743,0.0,0.0,0.03333
23197,432128.8743,4,432129.0077,0.0,0.0,0.03333
23197,432128.8743,5,432129.041,0.0,0.0,0.03333
23197,432128.8743,6,432129.0743,0.0,0.0,0.03333
23197,432128.8743,7,432129.1077,0.0,0.0,0.03333
23197,432128.8743,8,432129.141,0.0,0.0,0.03333
23197,432128.8743,9,432129.1743,0.0,0.0,0.03333
23197,432128.8743,10,432129.2077,0.0,0.0,0.03333
23197,432128.8743,11,432129.241,0.0,0.0,0.03333
23197,432128.8743,12,432129.2743,0.0,0.0,0.03333
23197,432128.8743,13,432129.3077,0.0,0.0,0.03333
23197,432128.8743,14,432129.341,0.0,0.0,0.03333
23197,432128.8743,15,432129.3743,0.0,0.0,0.03333
23197,432128.8743,16,432129.4077,0.0,0.0,0.03333
23197,432128.8743,17,432129.441,0.0,0.0,0.03333
23197,432128.8743,18,432129.4743,0.0,0.0,0.03333
23197,432128.8743,19,432129.5077,0.0,0.0,0.03333
23197,432128.8743,20,432129.541,0.0,0.0,0.03333
23197,432128.8743,21,432129.5743,0.0,0.0,0.03333
23197,432128.8743,22,432129.6077,0.0,0.0,0.03333
23197,432128.8743,23,432129.641,0.0,0.0,0.03333
23197,432128.8743,24,432129.6743,0.0,0.0,0.03333
23197,432128.8743,25,432129.7077,0.0,0.0,0.03333
23197,432128.8743,26,432129.741,0.0,0.0,0.03333
23197,432128.8743,27,432129.7743,0.0,0.0,0.03333
23197,432128.8743,28,432129.8077,0.0,0.0,0.03333
23197,432128.8743,29,432129.841,0.0,0.0,0.03333
23197,432128.8743,30,432129.8743,0.0,0.0,0.03333
23197,432128.8743,31,432129.9077,0.0,0.0,0.03333
23198,432128.9749,0,432128.9749,0.0,0.0,0.03333
23198,432128.9749,1,432129.0083,0.0,0.0,0.03333
23198,432128.9749,2,432129.0416,0.0,0.0,0.03333
23198,432128.9749,3,432129.0749,0.0,0.0,0.03333
23198,432128.9749,4,432129.1083,0.0,0.0,0.03333
23198,432128.9749,5,432129.1416,0.0,0.0,0.03333
23198,432128.9749,6,432129.1749,0.0,0.0,0.03333
23198,432128.9749,7,432129.2083,0.0,0.0,0.03333
23198,432128.9749,8,432129.2416,0.0,0.0,0.03333
23198,432128.9749,9,432129.2749,0.0,0.0,0.03333
23198,432128.9749,10,432129.3083,0.0,0.0,0.03333
23198,432128.9749,11,432129.3416,0.0,0.0,0.03333
23198,432128.9749,12,432129.3749,0.0,0.0,0.03333
23198,432128.9749,13,432129.4083,0.0,0.0,0.03333
23198,432128.9749,14,432129.4416,0.0,0.0,0.03333
23198,432128.9749,15,432129.4749,0.0,0.0,0.03333
23198,432128.9749,16,432129.5083,0.0,0.0,0.03333
23198,432128.9749,17,432129.5416,0.0,0.0,0.03333
23198,432128.9749,18,432129.5749,0.0,0.0,0.03333
23198,432128.9749,19,432129.6083,0.0,0.0,0.03333
23198,432128.9749,20,432129.6416,0.0,0.0,0.03333
23198,432128.9749,21,432129.6749,0.0,0.0,0.03333
23198,432128.9749,22,432129.7083,0.0,0.0,0.03333
23198,432128.9749,23,432129.7416,0.0,0.0,0.03333
23198,432128.9749,24,432129.7749,0.0,0.0,0.03333
23198,432128.9749,25,432129.8083,0.0,0.0,0.03333
23198,432128.9749,26,432129.8416,0.0,0.0,0.03333
23198,432128.9749,27,432129.8749,0.0,0.0,0.03333
23198,432128.9749,28,432129.9083,0.0,0.0,0.03333
23198,432128.9749,29,432129.9416,0.0,0.0,0.03333
23198,432128.9749,30,432129.9749,0.0,0.0,0.03333
23198,432128.9749,31,432130.0083,0.0,0.0,0.03333
23199,432129.0763,0,432129.0763,0.0,0.0,0.03333
23199,432129.0763,1,432129.1097,0.0,0.0,0.03333
23199,432129.0763,2,432129.143,0.0,0.0,0.03333
23199,432129.0763,3,432129.1763,0.0,0.0,0.03333
23199,432129.0763,4,432129.2097,0.0,0.0,0.03333
23199,432129.0763,5,432129.243,0.0,0.0,0.03333
23199,432129.0763,6,432129.2763,0.0,0.0,0.03333
23199,432129.0763,7,432129.3097,0.0,0.0,0.03333
23199,432129.0763,8,432129.343,0.0,0.0,0.03333
23199,432129.0763,9,432129.3763,0.0,0.0,0.03333
23199,432129.0763,10,432129.4097,0.0,0.0,0.03333
23199,432129.0763,11,432129.443,0.0,0.0,0.03333
23199,432129.0763,12,432129.4763,0.0,0.0,0.03333
23199,432129.0763,13,432129.5097,0.0,0.0,0.03333
23199,432129.0763,14,432129.543,0.0,0.0,0.03333
23199,432129.0763,15,432129.5763,0.0,0.0,0.03333
23199,432129.0763,16,432129.6097,0.0,0.0,0.03333
23199,432129.0763,17,432129.643,0.0,0.0,0.03333
23199,432129.0763,18,432129.6763,0.0,0.0,0.03333
23199,432129.0763,19,432129.7097,0.0,0.0,0.03333
23199,432129.0763,20,432129.743,0.0,0.0,0.03333
23199,432129.0763,21,432129.7763,0.0,0.0,0.03333
23199,432129.0763,22,432129.8097,0.0,0.0,0.03333
23199,432129.0763,23,432129.843,0.0,0.0,0.03333
23199,432129.0763,24,432129.8763,0.0,0.0,0.03333
23199,432129.0763,25,432129.9097,0.0,0.0,0.03333
23199,432129.0763,26,432129.943,0.0,0.0,0.03333
23199,432129.0763,27,432129.9763,0.0,0.0,0.03333
23199,432129.0763,28,432130.0097,0.0,0.0,0.03333
23199,432129.0763,29,432130.043,0.0,0.0,0.03333
23199,432129.0763,30,432130.0763,0.0,0.0,0.03333
23199,432129.0763,31,432130.1097,0.0,0.0,0.03333
23200,432129.1775,0,432129.1775,0.0,0.0,0.03333
23200,432129.1775,1,432129.2109,0.0,0.0,0.03333
23200,432129.1775,2,432129.2442,0.0,0.0,0.03333
23200,432129.1775,3,432129.2775,0.0,0.0,0.03333
23200,432129.1775,4,432129.3109,0.0,0.0,0.03333
23200,432129.1775,5,432129.3442,0.0,0.0,0.03333
23200,432129.1775,6,432129.3775,0.0,0.0,0.03333
23200,432129.1775,7,432129.4109,0.0,0.0,0.03333
23200,432129.1775,8,432129.4442,0.0,0.0,0.03333
23200,432129.1775,9,432129.4775,0.0,0.0,0.03333
23200,432129.1775,10,432129.5109,0.0,0.0,0.03333
23200,432129.1775,11,432129.5442,0.0,0.0,0.03333
23200,432129.1775,12,432129.5775,0.0,0.0,0.03333
23200,432129.1775,13,432129.6109,0.0,0.0,0.03333
23200,432129.1775,14,432129.6442,0.0,0.0,0.03333
23200,432129.1775,15,432129.6775,0.0,0.0,0.03333
23200,432129.1775,16,432129.7109,0.0,0.0,0.03333
23200,432129.1775,17,432129.7442,0.0,0.0,0.03333
23200,432129.1775,18,432129.7775,0.0,0.0,0.03333
23200,432129.1775,19,432129.8109,0.0,0.0,0.03333
23200,432129.1775,20,432129.8442,0.0,0.0,0.03333
23200,432129.1775,21,432129.8775,0.0,0.0,0.03333
23200,432129.1775,22,432129.9109,0.0,0.0,0.03333
23200,432129.1775,23,432129.9442,0.0,0.0,0.03333
23200,432129.1775,24,432129.9775,0.0,0.0,0.03333
23200,432129.1775,25,432130.0109,0.0,0.0,0.03333
23200,432129.1775,26,432130.0442,0.0,0.0,0.03333
23200,432129.1775,27,432130.0775,0.0,0.0,0.03333
23200,432129.1775,28,432130.1109,0.0,0.0,0.03333
23200,432129.1775,29,432130.1442,0.0,0.0,0.03333
23200,432129.1775,30,432130.1775,0.0,0.0,0.03333
23200,432129.1775,31,432130.2109,0.0,0.0,0.03333
23201,432129.2796,0,432129.2796,0.0,0.0,0.03333
23201,432129.2796,1,432129.3129,0.0,0.0,0.03333
23201,432129.2796,2,432129.3463,0.0,0.0,0.03333
23201,432129.2796,3,432129.3796,0.0,0.0,0.03333
23201,432129.2796,4,432129.4129,0.0,0.0,0.03333
23201,432129.2796,5,432129.4463,0.0,0.0,0.03333
23201,432129.2796,6,432129.4796,0.0,0.0,0.03333
23201,432129.2796,7,432129.5129,0.0,0.0,0.03333
23201,432129.2796,8,432129.5463,0.0,0.0,0.03333
23201,432129.2796,9,432129.5796,0.0,0.0,0.03333
23201,432129.2796,10,432129.6129,0.0,0.0,0.03333
23201,432129.2796,11,432129.6463,0.0,0.0,0.03333
23201,432129.2796,12,432129.6796,0.0,0.0,0.03333
23201,432129.2796,13,432129.7129,0.0,0.0,0.03333
23201,432129.2796,14,432129.7463,0.0,0.0,0.03333
23201,432129.2796,15,432129.7796,0.0,0.0,0.03333
23201,432129.2796,16,432129.8129,0.0,0.0,0.03333
23201,432129.2796,17,432129.8463,0.0,0.0,0.03333
23201,432129.2796,18,432129.8796,0.0,0.0,0.03333
23201,432129.2796,19,432129.9129,0.0,0.0,0.03333
23201,432129.2796,20,432129.9463,0.0,0.0,0.03333
23201,432129.2796,21,432129.9796,0.0,0.0,0.03333
23201,432129.2796,22,432130.0129,0.0,0.0,0.03333
23201,432129.2796,23,432130.0463,0.0,0.0,0.03333
23201,432129.2796,24,432130.0796,0.0,0.0,0.03333
23201,432129.2796,25,432130.1129,0.0,0.0,0.03333
23201,432129.2796,26,432130.1463,0.0,0.0,0.03333
23201,432129.2796,27,432130.1796,0.0,0.0,0.03333
23201,432129.2796,28,432130.2129,0.0,0.0,0.03333
23201,432129.2796,29,432130.2463,0.0,0.0,0.03333
23201,432129.2796,30,432130.2796,0.0,0.0,0.03333
23201,432129.2796,31,432130.3129,0.0,0.0,0.03333
23202,432129.3807,0,432129.3807,0.0,0.0,0.03333
23202,432129.3807,1,432129.414,0.0,0.0,0.03333
23202,432129.3807,2,432129.4473,0.0,0.0,0.03333
23202,432129.3807,3,432129.4807,0.0,0.0,0.03333
23202,432129.3807,4,432129.514,0.0,0.0,0.03333
23202,432129.3807,5,432129.5473,0.0,0.0,0.03333
23202,432129.3807,6,432129.5807,0.0,0.0,0.03333
23202,432129.3807,7,432129.614,0.0,0.0,0.03333
23202,432129.3807,8,432129.6473,0.0,0.0,0.03333
23202,432129.3807,9,432129.6807,0.0,0.0,0.03333
23202,432129.3807,10,432129.714,0.0,0.0,0.03333
23202,432129.3807,11,432129.7473,0.0,0.0,0.03333
23202,432129.3807,12,432129.7807,0.0,0.0,0.03333
23202,432129.3807,13,432129.814,0.0,0.0,0.03333
23202,432129.3807,14,432129.8473,0.0,0.0,0.03333
23202,432129.3807,15,432129.8807,0.0,0.0,0.03333
23202,432129.3807,16,432129.914,0.0,0.0,0.03333
23202,432129.3807,17,432129.9473,0.0,0.0,0.03333
23202,432129.3807,18,432129.9807,0.0,0.0,0.03333
23202,432129.3807,19,432130.014,0.0,0.0,0.03333
23202,432129.3807,20,432130.0473,0.0,0.0,0.03333
23202,432129.3807,21,432130.0807,0.0,0.0,0.03333
23202,432129.3807,22,432130.114,0.0,0.0,0.03333
23202,432129.3807,23,432130.1473,0.0,0.0,0.03333
23202,432129.3807,24,432130.1807,0.0,0.0,0.03333
23202,432129.3807,25,432130.214,0.0,0.0,0.03333
23202,432129.3807,26,432130.2473,0.0,0.0,0.03333
23202,432129.3807,27,432130.2807,0.0,0.0,0.03333
23202,432129.3807,28,432130.314,0.0,0.0,0.03333
23202,432129.3807,29,432130.3473,0.0,0.0,0.03333
23202,432129.3807,30,432130.3807,0.0,0.0,0.03333
23202,432129.3807,31,432130.414,0.0,0.0,0.03333
23203,432129.4817,0,432129.4817,0.0,0.0,0.03333
23203,432129.4817,1,432129.515,0.0,0.0,0.03333
23203,432129.4817,2,432129.5483,0.0,0.0,0.03333
23203,432129.4817,3,432129.5817,0.0,0.0,0.03333
23203,432129.4817,4,432129.615,0.0,0.0,0.03333
23203,432129.4817,5,432129.6483,0.0,0.0,0.03333
23203,432129.4817,6,432129.6817,0.0,0.0,0.03333
23203,432129.4817,7,432129.715,0.0,0.0,0.03333
23203,432129.4817,8,432129.7483,0.0,0.0,0.03333
23203,432129.4817,9,432129.7817,0.0,0.0,0.03333
23203,432129.4817,10,432129.815,0.0,0.0,0.03333
23203,432129.4817,11,432129.8483,0.0,0.0,0.03333
23203,432129.4817,12,432129.8817,0.0,0.0,0.03333
23203,432129.4817,13,432129.915,0.0,0.0,0.03333
23203,432129.4817,14,432129.9483,0.0,0.0,0.03333
23203,432129.4817,15,432129.9817,0.0,0.0,0.03333
23203,432129.4817,16,432130.015,0.0,0.0,0.03333
23203,432129.4817,17,432130.0483,0.0,0.0,0.03333
23203,432129.4817,18,432130.0817,0.0,0.0,0.03333
23203,432129.4817,19,432130.115,0.0,0.0,0.03333
23203,432129.4817,20,432130.1483,0.0,0.0,0.03333
23203,432129.4817,21,432130.1817,0.0,0.0,0.03333
23203,432129.4817,22,432130.215,0.0,0.0,0.03333
23203,432129.4817,23,432130.2483,0.0,0.0,0.03333
23203,432129.4817,24,432130.2817,0.0,0.0,0.03333
23203,432129.4817,25,432130.315,0.0,0.0,0.03333
23203,432129.4817,26,432130.3483,0.0,0.0,0.03333
23203,432129.4817,27,432130.3817,0.0,0.0,0.03333
23203,432129.4817,28,432130.415,0.0,0.0,0.03333
23203,432129.4817,29,432130.4483,0.0,0.0,0.03333
23203,432129.4817,30,432130.4817,0.0,0.0,0.03333
23203,432129.4817,31,432130.515,0.0,0.0,0.03333
23204,432129.5831,0,432129.5831,0.0,0.0,0.03333
23204,432129.5831,1,432129.6164,0.0,0.0,0.03333
23204,432129.5831,2,432129.6498,0.0,0.0,0.03333
23204,432129.5831,3,432129.6831,0.0,0.0,0.03333
23204,432129.5831,4,432129.7164,0.0,0.0,0.03333
23204,432129.5831,5,432129.7498,0.0,0.0,0.03333
23204,432129.5831,6,432129.7831,0.0,0.0,0.03333
23204,432129.5831,7,432129.8164,0.0,0.0,0.03333
23204,432129.5831,8,432129.8498,0.0,0.0,0.03333
23204,432129.5831,9,432129.8831,0.0,0.0,0.03333
23204,432129.5831,10,432129.9164,0.0,0.0,0.03333
23204,432129.5831,11,432129.9498,0.0,0.0,0.03333
23204,432129.5831,12,432129.9831,0.0,0.0,0.03333
23204,432129.5831,13,432130.0164,0.0,0.0,0.03333
23204,432129.5831,14,432130.0498,0.0,0.0,0.03333
23204,432129.5831,15,432130.0831,0.0,0.0,0.03333
23204,432129.5831,16,432130.1164,0.0,0.0,0.03333
23204,432129.5831,17,432130.1498,0.0,0.0,0.03333
23204,432129.5831,18,432130.1831,0.0,0.0,0.03333
23204,432129.5831,19,432130.2164,0.0,0.0,0.03333
23204,432129.5831,20,432130.2498,0.0,0.0,0.03333
23204,432129.5831,21,432130.2831,0.0,0.0,0.03333
23204,432129.5831,22,432130.3164,0.0,0.0,0.03333
23204,432129.5831,23,432130.3498,0.0,0.0,0.03333
23204,432129.5831,24,432130.3831,0.0,0.0,0.03333
23204,432129.5831,25,432130.4164,0.0,0.0,0.03333
23204,432129.5831,26,432130.4498,0.0,0.0,0.03333
23204,432129.5831,27,432130.4831,0.0,0.0,0.03333
23204,432129.5831,28,432130.5164,0.0,0.0,0.03333
23204,432129.5831,29,432130.5498,0.0,0.0,0.03333
23204,432129.5831,30,432130.5831,0.0,0.0,0.03333
23204,432129.5831,31,432130.6164,0.0,0.0,0.03333
23205,432129.685,0,432129.685,0.0,0.0,0.03333
23205,432129.685,1,432129.7183,0.0,0.0,0.03333
23205,432129.685,2,432129.7516,0.0,0.0,0.03333
23205,432129.685,3,432129.785,0.0,0.0,0.03333
23205,432129.685,4,432129.8183,0.0,0.0,0.03333
23205,432129.685,5,432129.8516,0.0,0.0,0.03333
23205,432129.685,6,432129.885,0.0,0.0,0.03333
23205,432129.685,7,432129.9183,0.0,0.0,0.03333
23205,432129.685,8,432129.9516,0.0,0.0,0.03333
23205,432129.685,9,432129.985,0.0,0.0,0.03333
23205,432129.685,10,432130.0183,0.0,0.0,0.03333
23205,432129.685,11,432130.0516,0.0,0.0,0.03333
23205,432129.685,12,432130.085,0.0,0.0,0.03333
23205,432129.685,13,432130.1183,0.0,0.0,0.03333
23205,432129.685,14,432130.1516,0.0,0.0,0.03333
23205,432129.685,15,432130.185,0.0,0.0,0.03333
23205,432129.685,16,432130.2183,0.0,0.0,0.03333
23205,432129.685,17,432130.2516,0.0,0.0,0.03333
23205,432129.685,18,432130.285,0.0,0.0,0.03333
23205,432129.685,19,432130.3183,0.0,0.0,0.03333
23205,432129.685,20,432130.3516,0.0,0.0,0.03333
23205,432129.685,21,432130.385,0.0,0.0,0.03333
23205,432129.685,22,432130.4183,0.0,0.0,0.03333
23205,432129.685,23,432130.4516,0.0,0.0,0.03333
23205,432129.685,24,432130.485,0.0,0.0,0.03333
23205,432129.685,25,432130.5183,0.0,0.0,0.03333
23205,432129.685,26,432130.5516,0.0,0.0,0.03333
23205,432129.685,27,432130.585,0.0,0.0,0.03333
23205,432129.685,28,432130.6183,0.0,0.0,0.03333
23205,432129.685,29,432130.6516,0.0,0.0,0.03333
23205,432129.685,30,432130.685,0.0,0.0,0.03333
23205,432129.685,31,432130.7183,0.0,0.0,0.03333
23206,432129.7868,0,432129.7868,0.0,0.0,0.03333
23206,432129.7868,1,432129.8202,0.0,0.0,0.03333
23206,432129.7868,2,432129.8535,0.0,0.0,0.03333
23206,432129.7868,3,432129.8868,0.0,0.0,0.03333
23206,432129.7868,4,432129.9202,0.0,0.0,0.03333
23206,432129.7868,5,432129.9535,0.0,0.0,0.03333
23206,432129.7868,6,432129.9868,0.0,0.0,0.03333
23206,432129.7868,7,432130.0202,0.0,0.0,0.03333
23206,432129.7868,8,432130.0535,0.0,0.0,0.03333
23206,432129.7868,9,432130.0868,0.0,0.0,0.03333
23206,432129.7868,10,432130.1202,0.0,0.0,0.03333
23206,432129.7868,11,432130.1535,0.0,0.0,0.03333
23206,432129.7868,12,432130.1868,0.0,0.0,0.03333
23206,432129.7868,13,432130.2202,0.0,0.0,0.03333
23206,432129.7868,14,432130.2535,0.0,0.0,0.03333
23206,432129.7868,15,432130.2868,0.0,0.0,0.03333
23206,432129.7868,16,432130.3202,0.0,0.0,0.03333
23206,432129.7868,17,432130.3535,0.0,0.0,0.03333
23206,432129.7868,18,432130.3868,0.0,0.0,0.03333
23206,432129.7868,19,432130.4202,0.0,0.0,0.03333
23206,432129.7868,20,432130.4535,0.0,0.0,0.03333
23206,432129.7868,21,432130.4868,0.0,0.0,0.03333
23206,432129.7868,22,432130.5202,0.0,0.0,0.03333
23206,432129.7868,23,432130.5535,0.0,0.0,0.03333
23206,432129.7868,24,432130.5868,0.0,0.0,0.03333
23206,432129.7868,25,432130.6202,0.0,0.0,0.03333
23206,432129.7868,26,432130.6535,0.0,0.0,0.03333
23206,432129.7868,27,432130.6868,0.0,0.0,0.03333
23206,432129.7868,28,432130.7202,0.0,0.0,0.03333
23206,432129.7868,29,432130.7535,0.0,0.0,0.03333
23206,432129.7868,30,432130.7868,0.0,0.0,0.03333
23206,432129.7868,31,432130.8202,0.0,0.0,0.03333
23207,432129.8882,0,432129.8882,0.0,0.0,0.03333
23207,432129.8882,1,432129.9215,0.0,0.0,0.03333
23207,432129.8882,2,432129.9549,0.0,0.0,0.03333
23207,432129.8882,3,432129.9882,0.0,0.0,0.03333
23207,432129.8882,4,432130.0215,0.0,0.0,0.03333
23207,432129.8882,5,432130.0549,0.0,0.0,0.03333
23207,432129.8882,6,432130.0882,0.0,0.0,0.03333
23207,432129.8882,7,432130.1215,0.0,0.0,0.03333
23207,432129.8882,8,432130.1549,0.0,0.0,0.03333
23207,432129.8882,9,432130.1882,0.0,0.0,0.03333
23207,432129.8882,10,432130.2215,0.0,0.0,0.03333
23207,432129.8882,11,432130.2549,0.0,0.0,0.03333
23207,432129.8882,12,432130.2882,0.0,0.0,0.03333
23207,432129.8882,13,432130.3215,0.0,0.0,0.03333
23207,432129.8882,14,432130.3549,0.0,0.0,0.03333
23207,432129.8882,15,432130.3882,0.0,0.0,0.03333
23207,432129.8882,16,432130.4215,0.0,0.0,0.03333
23207,432129.8882,17,432130.4549,0.0,0.0,0.03333
23207,432129.8882,18,432130.4882,0.0,0.0,0.03333
23207,432129.8882,19,432130.5215,0.0,0.0,0.03333
23207,432129.8882,20,432130.5549,0.0,0.0,0.03333
23207,432129.8882,21,432130.5882,0.0,0.0,0.03333
23207,432129.8882,22,432130.6215,0.0,0.0,0.03333
23207,432129.8882,23,432130.6549,0.0,0.0,0.03333
23207,432129.8882,24,432130.6882,0.0,0.0,0.03333
23207,432129.8882,25,432130.7215,0.0,0.0,0.03333
23207,432129.8882,26,432130.7549,0.0,0.0,0.03333
23207,432129.8882,27,432130.7882,0.0,0.0,0.03333
23207,432129.8882,28,432130.8215,0.0,0.0,0.03333
23207,432129.8882,29,432130.8549,0.0,0.0,0.03333
23207,432129.8882,30,432130.8882,0.0,0.0,0.03333
23207,432129.8882,31,432130.9215,0.0,0.0,0.03333
23208,432129.9901,0,432129.9901,0.0,0.0,0.03333
23208,432129.9901,1,432130.0235,0.0,0.0,0.03333
23208,432129.9901,2,432130.0568,0.0,0.0,0.03333
23208,432129.9901,3,432130.0901,0.0,0.0,0.03333
23208,432129.9901,4,432130.1235,0.0,0.0,0.03333
23208,432129.9901,5,432130.1568,0.0,0.0,0.03333
23208,432129.9901,6,432130.1901,0.0,0.0,0.03333
23208,432129.9901,7,432130.2235,0.0,0.0,0.03333
23208,432129.9901,8,432130.2568,0.0,0.0,0.03333
23208,432129.9901,9,432130.2901,0.0,0.0,0.03333
23208,432129.9901,10,432130.3235,0.0,0.0,0.03333
23208,432129.9901,11,432130.3568,0.0,0.0,0.03333
23208,432129.9901,12,432130.3901,0.0,0.0,0.03333
23208,432129.9901,13,432130.4235,0.0,0.0,0.03333
23208,432129.9901,14,432130.4568,0.0,0.0,0.03333
23208,432129.9901,15,432130.4901,0.0,0.0,0.03333
23208,432129.9901,16,432130.5235,0.0,0.0,0.03333
23208,432129.9901,17,432130.5568,0.0,0.0,0.03333
23208,432129.9901,18,432130.5901,0.0,0.0,0.03333
23208,432129.9901,19,432130.6235,0.0,0.0,0.03333
23208,432129.9901,20,432130.6568,0.0,0.0,0.03333
23208,432129.9901,21,432130.6901,0.0,0.0,0.03333
23208,432129.9901,22,432130.7235,0.0,0.0,0.03333
23208,432129.9901,23,432130.7568,0.0,0.0,0.03333
23208,432129.9901,24,432130.7901,0.0,0.0,0.03333
23208,432129.9901,25,432130.8235,0.0,0.0,0.03333
23208,432129.9901,26,432130.8568,0.0,0.0,0.03333
23208,432129.9901,27,432130.8901,0.0,0.0,0.03333
23208,432129.9901,28,432130.9235,0.0,0.0,0.03333
23208,432129.9901,29,432130.9568,0.0,0.0,0.03333
23208,432129.9901,30,432130.9901,0.0,0.0,0.03333
23208,432129.9901,31,432131.0235,0.0,0.0,0.03333
23209,432130.0912,0,432130.0912,0.0,0.0,0.03333
23209,432130.0912,1,432130.1245,0.0,0.0,0.03333
23209,432130.0912,2,432130.1578,0.0,0.0,0.03333
23209,432130.0912,3,432130.1912,0.0,0.0,0.03333
23209,432130.0912,4,432130.2245,0.0,0.0,0.03333
23209,432130.0912,5,432130.2578,0.0,0.0,0.03333
23209,432130.0912,6,432130.2912,0.0,0.0,0.03333
23209,432130.0912,7,432130.3245,0.0,0.0,0.03333
23209,432130.0912,8,432130.3578,0.0,0.0,0.03333
23209,432130.0912,9,432130.3912,0.0,0.0,0.03333
23209,432130.0912,10,432130.4245,0.0,0.0,0.03333
23209,432130.0912,11,432130.4578,0.0,0.0,0.03333
23209,432130.0912,12,432130.4912,0.0,0.0,0.03333
23209,432130.0912,13,432130.5245,0.0,0.0,0.03333
23209,432130.0912,14,432130.5578,0.0,0.0,0.03333
23209,432130.0912,15,432130.5912,0.0,0.0,0.03333
23209,432130.0912,16,432130.6245,0.0,0.0,0.03333
23209,432130.0912,17,432130.6578,0.0,0.0,0.03333
23209,432130.0912,18,432130.6912,0.0,0.0,0.03333
23209,432130.0912,19,432130.7245,0.0,0.0,0.03333
23209,432130.0912,20,432130.7578,0.0,0.0,0.03333
23209,432130.0912,21,432130.7912,0.0,0.0,0.03333
23209,432130.0912,22,432130.8245,0.0,0.0,0.03333
23209,432130.0912,23,432130.8578,0.0,0.0,0.03333
23209,432130.0912,24,432130.8912,0.0,0.0,0.03333
23209,432130.0912,25,432130.9245,0.0,0.0,0.03333
23209,432130.0912,26,432130.9578,0.0,0.0,0.03333
23209,432130.0912,27,432130.9912,0.0,0.0,0.03333
23209,432130.0912,28,432131.0245,0.0,0.0,0.03333
23209,432130.0912,29,432131.0578,0.0,0.0,0.03333
23209,432130.0912,30,432131.0912,0.0,0.0,0.03333
23209,432130.0912,31,432131.1245,0.0,0.0,0.03333
23210,432130.1929,0,432130.1929,0.0,0.0,0.03333
23210,432130.1929,1,432130.2263,0.0,0.0,0.03333
23210,432130.1929,2,432130.2596,0.0,0.0,0.03333
23210,432130.1929,3,432130.2929,0.0,0.0,0.03333
23210,432130.1929,4,432130.3263,0.0,0.0,0.03333
23210,432130.1929,5,432130.3596,0.0,0.0,0.03333
23210,432130.1929,6,432130.3929,0.0,0.0,0.03333
23210,432130.1929,7,432130.4263,0.0,0.0,0.03333
23210,432130.1929,8,432130.4596,0.0,0.0,0.03333
23210,432130.1929,9,432130.4929,0.0,0.0,0.03333
23210,432130.1929,10,432130.5263,0.0,0.0,0.03333
23210,432130.1929,11,432130.5596,0.0,0.0,0.03333
23210,432130.1929,12,432130.5929,0.0,0.0,0.03333
23210,432130.1929,13,432130.6263,0.0,0.0,0.03333
23210,432130.1929,14,432130.6596,0.0,0.0,0.03333
23210,432130.1929,15,432130.6929,0.0,0.0,0.03333
23210,432130.1929,16,432130.7263,0.0,0.0,0.03333
23210,432130.1929,17,432130.7596,0.0,0.0,0.03333
23210,432130.1929,18,432130.7929,0.0,0.0,0.03333
23210,432130.1929,19,432130.8263,0.0,0.0,0.03333
23210,432130.1929,20,432130.8596,0.0,0.0,0.03333
23210,432130.1929,21,432130.8929,0.0,0.0,0.03333
23210,432130.1929,22,432130.9263,0.0,0.0,0.03333
23210,432130.1929,23,432130.9596,0.0,0.0,0.03333
23210,432130.1929,24,432130.9929,0.0,0.0,0.03333
23210,432130.1929,25,432131.0263,0.0,0.0,0.03333
23210,432130.1929,26,432131.0596,0.0,0.0,0.03333
23210,432130.1929,27,432131.0929,0.0,0.0,0.03333
23210,432130.1929,28,432131.1263,0.0,0.0,0.03333
23210,432130.1929,29,432131.1596,0.0,0.0,0.03333
23210,432130.1929,30,432131.1929,0.0,0.0,0.03333
23210,432130.1929,31,432131.2263,0.0,0.0,0.03333
23211,432130.2946,0,432130.2946,0.0,0.0,0.03333
23211,432130.2946,1,432130.3279,0.0,0.0,0.03333
23211,432130.2946,2,432130.3613,0.0,0.0,0.03333
23211,432130.2946,3,432130.3946,0.0,0.0,0.03333
23211,432130.2946,4,432130.4279,0.0,0.0,0.03333
23211,432130.2946,5,432130.4613,0.0,0.0,0.03333
23211,432130.2946,6,432130.4946,0.0,0.0,0.03333
23211,432130.2946,7,432130.5279,0.0,0.0,0.03333
23211,432130.2946,8,432130.5613,0.0,0.0,0.03333
23211,432130.2946,9,432130.5946,0.0,0.0,0.03333
23211,432130.2946,10,432130.6279,0.0,0.0,0.03333
23211,432130.2946,11,432130.6613,0.0,0.0,0.03333
23211,432130.2946,12,432130.6946,0.0,0.0,0.03333
23211,432130.2946,13,432130.7279,0.0,0.0,0.03333
23211,432130.2946,14,432130.7613,0.0,0.0,0.03333
23211,432130.2946,15,432130.7946,0.0,0.0,0.03333
23211,432130.2946,16,432130.8279,0.0,0.0,0.03333
23211,432130.2946,17,432130.8613,0.0,0.0,0.03333
23211,432130.2946,18,432130.8946,0.0,0.0,0.03333
23211,432130.2946,19,432130.9279,0.0,0.0,0.03333
23211,432130.2946,20,432130.9613,0.0,0.0,0.03333
23211,432130.2946,21,432130.9946,0.0,0.0,0.03333
23211,432130.2946,22,432131.0279,0.0,0.0,0.03333
23211,432130.2946,23,432131.0613,0.0,0.0,0.03333
23211,432130.2946,24,432131.0946,0.0,0.0,0.03333
23211,432130.2946,25,432131.1279,0.0,0.0,0.03333
23211,432130.2946,26,432131.1613,0.0,0.0,0.03333
23211,432130.2946,27,432131.1946,0.0,0.0,0.03333
23211,432130.2946,28,432131.2279,0.0,0.0,0.03333
23211,432130.2946,29,432131.2613,0.0,0.0,0.03333
23211,432130.2946,30,432131.2946,0.0,0.0,0.03333
23211,432130.2946,31,432131.3279,0.0,0.0,0.03333
23212,432130.3954,0,432130.3954,0.0,0.0,0.03333
23212,432130.3954,1,432130.4287,0.0,0.0,0.03333
23212,432130.3954,2,432130.462,0.0,0.0,0.03333
23212,432130.3954,3,432130.4954,0.0,0.0,0.03333
23212,432130.3954,4,432130.5287,0.0,0.0,0.03333
23212,432130.3954,5,432130.562,0.0,0.0,0.03333
23212,432130.3954,6,432130.5954,0.0,0.0,0.03333
23212,432130.3954,7,432130.6287,0.0,0.0,0.03333
23212,432130.3954,8,432130.662,0.0,0.0,0.03333
23212,432130.3954,9,432130.6954,0.0,0.0,0.03333
23212,432130.3954,10,432130.7287,0.0,0.0,0.03333
23212,432130.3954,11,432130.762,0.0,0.0,0.03333
23212,432130.3954,12,432130.7954,0.0,0.0,0.03333
23212,432130.3954,13,432130.8287,0.0,0.0,0.03333
23212,432130.3954,14,432130.862,0.0,0.0,0.03333
23212,432130.3954,15,432130.8954,0.0,0.0,0.03333
23212,432130.3954,16,432130.9287,0.0,0.0,0.03333
23212,432130.3954,17,432130.962,0.0,0.0,0.03333
23212,432130.3954,18,432130.9954,0.0,0.0,0.03333
23212,432130.3954,19,432131.0287,0.0,0.0,0.03333
23212,432130.3954,20,432131.062,0.0,0.0,0.03333
23212,432130.3954,21,432131.0954,0.0,0.0,0.03333
23212,432130.3954,22,432131.1287,0.0,0.0,0.03333
23212,432130.3954,23,432131.162,0.0,0.0,0.03333
23212,432130.3954,24,432131.1954,0.0,0.0,0.03333
23212,432130.3954,25,432131.2287,0.0,0.0,0.03333
23212,432130.3954,26,432131.262,0.0,0.0,0.03333
23212,432130.3954,27,432131.2954,0.0,0.0,0.03333
23212,432130.3954,28,432131.3287,0.0,0.0,0.03333
23212,432130.3954,29,432131.362,0.0,0.0,0.03333
23212,432130.3954,30,432131.3954,0.0,0.0,0.03333
23212,432130.3954,31,432131.4287,0.0,0.0,0.03333
23213,432130.4974,0,432130.4974,0.0,0.0,0.03333
23213,432130.4974,1,432130.5307,0.0,0.0,0.03333
23213,432130.4974,2,432130.564,0.0,0.0,0.03333
23213,432130.4974,3,432130.5974,0.0,0.0,0.03333
23213,432130.4974,4,432130.6307,0.0,0.0,0.03333
23213,432130.4974,5,432130.664,0.0,0.0,0.03333
23213,432130.4974,6,432130.6974,0.0,0.0,0.03333
23213,432130.4974,7,432130.7307,0.0,0.0,0.03333
23213,432130.4974,8,432130.764,0.0,0.0,0.03333
23213,432130.4974,9,432130.7974,0.0,0.0,0.03333
23213,432130.4974,10,432130.8307,0.0,0.0,0.03333
23213,432130.4974,11,432130.864,0.0,0.0,0.03333
23213,432130.4974,12,432130.8974,0.0,0.0,0.03333
23213,432130.4974,13,432130.9307,0.0,0.0,0.03333
23213,432130.4974,14,432130.964,0.0,0.0,0.03333
23213,432130.4974,15,432130.9974,0.0,0.0,0.03333
23213,432130.4974,16,432131.0307,0.0,0.0,0.03333
23213,432130.4974,17,432131.064,0.0,0.0,0.03333
23213,432130.4974,18,432131.0974,0.0,0.0,0.03333
23213,432130.4974,19,432131.1307,0.0,0.0,0.03333
23213,432130.4974,20,432131.164,0.0,0.0,0.03333
23213,432130.4974,21,432131.1974,0.0,0.0,0.03333
23213,432130.4974,22,432131.2307,0.0,0.0,0.03333
23213,432130.4974,23,432131.264,0.0,0.0,0.03333
23213,432130.4974,24,432131.2974,0.0,0.0,0.03333
23213,432130.4974,25,432131.3307,0.0,0.0,0.03333
23213,432130.4974,26,432131.364,0.0,0.0,0.03333
23213,432130.4974,27,432131.3974,0.0,0.0,0.03333
23213,432130.4974,28,432131.4307,0.0,0.0,0.03333
23213,432130.4974,29,432131.464,0.0,0.0,0.03333
23213,432130.4974,30,432131.4974,0.0,0.0,0.03333
23213,432130.4974,31,432131.5307,0.0,0.0,0.03333
23214,432130.5982,0,432130.5982,0.0,0.0,0.03333
23214,432130.5982,1,432130.6316,0.0,0.0,0.03333
23214,432130.5982,2,432130.6649,0.0,0.0,0.03333
23214,432130.5982,3,432130.6982,0.0,0.0,0.03333
23214,432130.5982,4,432130.7316,0.0,0.0,0.03333
23214,432130.5982,5,432130.7649,0.0,0.0,0.03333
23214,432130.5982,6,432130.7982,0.0,0.0,0.03333
23214,432130.5982,7,432130.8316,0.0,0.0,0.03333
23214,432130.5982,8,432130.8649,0.0,0.0,0.03333
23214,432130.5982,9,432130.8982,0.0,0.0,0.03333
23214,432130.5982,10,432130.9316,0.0,0.0,0.03333
23214,432130.5982,11,432130.9649,0.0,0.0,0.03333
23214,432130.5982,12,432130.9982,0.0,0.0,0.03333
23214,432130.5982,13,432131.0316,0.0,0.0,0.03333
23214,432130.5982,14,432131.0649,0.0,0.0,0.03333
23214,432130.5982,15,432131.0982,0.0,0.0,0.03333
23214,432130.5982,16,432131.1316,0.0,0.0,0.03333
23214,432130.5982,17,432131.1649,0.0,0.0,0.03333
23214,432130.5982,18,432131.1982,0.0,0.0,0.03333
23214,432130.5982,19,432131.2316,0.0,0.0,0.03333
23214,432130.5982,20,432131.2649,0.0,0.0,0.03333
23214,432130.5982,21,432131.2982,0.0,0.0,0.03333
23214,432130.5982,22,432131.3316,0.0,0.0,0.03333
23214,432130.5982,23,432131.3649,0.0,0.0,0.03333
23214,432130.5982,24,432131.3982,0.0,0.0,0.03333
23214,432130.5982,25,432131.4316,0.0,0.0,0.03333
23214,432130.5982,26,432131.4649,0.0,0.0,0.03333
23214,432130.5982,27,432131.4982,0.0,0.0,0.03333
23214,432130.5982,28,432131.5316,0.0,0.0,0.03333
23214,432130.5982,29,432131.5649,0.0,0.0,0.03333
23214,432130.5982,30,432131.5982,0.0,0.0,0.03333
23214,432130.5982,31,432131.6316,0.0,0.0,0.03333
23215,432130.6989,0,432130.6989,0.0,0.0,0.03333
23215,432130.6989,1,432130.7323,0.0,0.0,0.03333
23215,432130.6989,2,432130.7656,0.0,0.0,0.03333
23215,432130.6989,3,432130.7989,0.0,0.0,0.03333
23215,432130.6989,4,432130.8323,0.0,0.0,0.03333
23215,432130.6989,5,432130.8656,0.0,0.0,0.03333
23215,432130.6989,6,432130.8989,0.0,0.0,0.03333
23215,432130.6989,7,432130.9323,0.0,0.0,0.03333
23215,432130.6989,8,432130.9656,0.0,0.0,0.03333
23215,432130.6989,9,432130.9989,0.0,0.0,0.03333
23215,432130.6989,10,432131.0323,0.0,0.0,0.03333
23215,432130.6989,11,432131.0656,0.0,0.0,0.03333
23215,432130.6989,12,432131.0989,0.0,0.0,0.03333
23215,432130.6989,13,432131.1323,0.0,0.0,0.03333
23215,432130.6989,14,432131.1656,0.0,0.0,0.03333
23215,432130.6989,15,432131.1989,0.0,0.0,0.03333
23215,432130.6989,16,432131.2323,0.0,0.0,0.03333
23215,432130.6989,17,432131.2656,0.0,0.0,0.03333
23215,432130.6989,18,432131.2989,0.0,0.0,0.03333
23215,432130.6989,19,432131.3323,0.0,0.0,0.03333
23215,432130.6989,20,432131.3656,0.0,0.0,0.03333
23215,432130.6989,21,432131.3989,0.0,0.0,0.03333
23215,432130.6989,22,432131.4323,0.0,0.0,0.03333
23215,432130.6989,23,432131.4656,0.0,0.0,0.03333
23215,432130.6989,24,432131.4989,0.0,0.0,0.03333
23215,432130.6989,25,432131.5323,0.0,0.0,0.03333
23215,432130.6989,26,432131.5656,0.0,0.0,0.03333
23215,432130.6989,27,432131.5989,0.0,0.0,0.03333
23215,432130.6989,28,432131.6323,0.0,0.0,0.03333
23215,432130.6989,29,432131.6656,0.0,0.0,0.03333
23215,432130.6989,30,432131.6989,0.0,0.0,0.03333
23215,432130.6989,31,432131.7323,0.0,0.0,0.03333
23216,432130.8001,0,432130.8001,0.0,0.0,0.03333
23216,432130.8001,1,432130.8334,0.0,0.0,0.03333
23216,432130.8001,2,432130.8668,0.0,0.0,0.03333
23216,432130.8001,3,432130.9001,0.0,0.0,0.03333
23216,432130.8001,4,432130.9334,0.0,0.0,0.03333
23216,432130.8001,5,432130.9668,0.0,0.0,0.03333
23216,432130.8001,6,432131.0001,0.0,0.0,0.03333
23216,432130.8001,7,432131.0334,0.0,0.0,0.03333
23216,432130.8001,8,432131.0668,0.0,0.0,0.03333
23216,432130.8001,9,432131.1001,0.0,0.0,0.03333
23216,432130.8001,10,432131.1334,0.0,0.0,0.03333
23216,432130.8001,11,432131.1668,0.0,0.0,0.03333
23216,432130.8001,12,432131.2001,0.0,0.0,0.03333
23216,432130.8001,13,432131.2334,0.0,0.0,0.03333
23216,432130.8001,14,432131.2668,0.0,0.0,0.03333
23216,432130.8001,15,432131.3001,0.0,0.0,0.03333
23216,432130.8001,16,432131.3334,0.0,0.0,0.03333
23216,432130.8001,17,432131.3668,0.0,0.0,0.03333
23216,432130.8001,18,432131.4001,0.0,0.0,0.03333
23216,432130.8001,19,432131.4334,0.0,0.0,0.03333
23216,432130.8001,20,432131.4668,0.0,0.0,0.03333
23216,432130.8001,21,432131.5001,0.0,0.0,0.03333
23216,432130.8001,22,432131.5334,0.0,0.0,0.03333
23216,432130.8001,23,432131.5668,0.0,0.0,0.03333
23216,432130.8001,24,432131.6001,0.0,0.0,0.03333
23216,432130.8001,25,432131.6334,0.0,0.0,0.03333
23216,432130.8001,26,432131.6668,0.0,0.0,0.03333
23216,432130.8001,27,432131.7001,0.0,0.0,0.03333
23216,432130.8001,28,432131.7334,0.0,0.0,0.03333
23216,432130.8001,29,432131.7668,0.0,0.0,0.03333
23216,432130.8001,30,432131.8001,0.0,0.0,0.03333
23216,432130.8001,31,432131.8334,0.0,0.0,0.03333
23217,432130.9017,0,432130.9017,0.0,0.0,0.03333
23217,432130.9017,1,432130.935,0.0,0.0,0.03333
23217,432130.9017,2,432130.9683,0.0,0.0,0.03333
23217,432130.9017,3,432131.0017,0.0,0.0,0.03333
23217,432130.9017,4,432131.035,0.0,0.0,0.03333
23217,432130.9017,5,432131.0683,0.0,0.0,0.03333
23217,432130.9017,6,432131.1017,0.0,0.0,0.03333
23217,432130.9017,7,432131.135,0.0,0.0,0.03333
23217,432130.9017,8,432131.1683,0.0,0.0,0.03333
23217,432130.9017,9,432131.2017,0.0,0.0,0.03333
23217,432130.9017,10,432131.235,0.0,0.0,0.03333
23217,432130.9017,11,432131.2683,0.0,0.0,0.03333
23217,432130.9017,12,432131.3017,0.0,0.0,0.03333
23217,432130.9017,13,432131.335,0.0,0.0,0.03333
23217,432130.9017,14,432131.3683,0.0,0.0,0.03333
23217,432130.9017,15,432131.4017,0.0,0.0,0.03333
23217,432130.9017,16,432131.435,0.0,0.0,0.03333
23217,432130.9017,17,432131.4683,0.0,0.0,0.03333
23217,432130.9017,18,432131.5017,0.0,0.0,0.03333
23217,432130.9017,19,432131.535,0.0,0.0,0.03333
23217,432130.9017,20,432131.5683,0.0,0.0,0.03333
23217,432130.9017,21,432131.6017,0.0,0.0,0.03333
23217,432130.9017,22,432131.635,0.0,0.0,0.03333
23217,432130.9017,23,432131.6683,0.0,0.0,0.03333
23217,432130.9017,24,432131.7017,0.0,0.0,0.03333
23217,432130.9017,25,432131.735,0.0,0.0,0.03333
23217,432130.9017,26,432131.7683,0.0,0.0,0.03333
23217,432130.9017,27,432131.8017,0.0,0.0,0.03333
23217,432130.9017,28,432131.835,0.0,0.0,0.03333
23217,432130.9017,29,432131.8683,0.0,0.0,0.03333
23217,432130.9017,30,432131.9017,0.0,0.0,0.03333
23217,432130.9017,31,432131.935,0.0,0.0,0.03333
23218,432131.0036,0,432131.0036,0.0,0.0,0.03333
23218,432131.0036,1,432131.0369,0.0,0.0,0.03333
23218,432131.0036,2,432131.0702,0.0,0.0,0.03333
23218,432131.0036,3,432131.1036,0.0,0.0,0.03333
23218,432131.0036,4,432131.1369,0.0,0.0,0.03333
23218,432131.0036,5,432131.1702,0.0,0.0,0.03333
23218,432131.0036,6,432131.2036,0.0,0.0,0.03333
23218,432131.0036,7,432131.2369,0.0,0.0,0.03333
23218,432131.0036,8,432131.2702,0.0,0.0,0.03333
23218,432131.0036,9,432131.3036,0.0,0.0,0.03333
23218,432131.0036,10,432131.3369,0.0,0.0,0.03333
23218,432131.0036,11,432131.3702,0.0,0.0,0.03333
23218,432131.0036,12,432131.4036,0.0,0.0,0.03333
23218,432131.0036,13,432131.4369,0.0,0.0,0.03333
23218,432131.0036,14,432131.4702,0.0,0.0,0.03333
23218,432131.0036,15,432131.5036,0.0,0.0,0.03333
23218,432131.0036,16,432131.5369,0.0,0.0,0.03333
23218,432131.0036,17,432131.5702,0.0,0.0,0.03333
23218,432131.0036,18,432131.6036,0.0,0.0,0.03333
23218,432131.0036,19,432131.6369,0.0,0.0,0.03333
23218,432131.0036,20,432131.6702,0.0,0.0,0.03333
23218,432131.0036,21,432131.7036,0.0,0.0,0.03333
23218,432131.0036,22,432131.7369,0.0,0.0,0.03333
23218,432131.0036,23,432131.7702,0.0,0.0,0.03333
23218,432131.0036,24,432131.8036,0.0,0.0,0.03333
23218,432131.0036,25,432131.8369,0.0,0.0,0.03333
23218,432131.0036,26,432131.8702,0.0,0.0,0.03333
23218,432131.0036,27,432131.9036,0.0,0.0,0.03333
23218,432131.0036,28,432131.9369,0.0,0.0,0.03333
23218,432131.0036,29,432131.9702,0.0,0.0,0.03333
23218,432131.0036,30,432132.0036,0.0,0.0,0.03333
23218,432131.0036,31,432132.0369,0.0,0.0,0.03333
23219,432131.1047,0,432131.1047,0.0,0.0,0.03333
23219,432131.1047,1,432131.138,0.0,0.0,0.03333
23219,432131.1047,2,432131.1713,0.0,0.0,0.03333
23219,432131.1047,3,432131.2047,0.0,0.0,0.03333
23219,432131.1047,4,432131.238,0.0,0.0,0.03333
23219,432131.1047,5,432131.2713,0.0,0.0,0.03333
23219,432131.1047,6,432131.3047,0.0,0.0,0.03333
23219,432131.1047,7,432131.338,0.0,0.0,0.03333
23219,432131.1047,8,432131.3713,0.0,0.0,0.03333
23219,432131.1047,9,432131.4047,0.0,0.0,0.03333
23219,432131.1047,10,432131.438,0.0,0.0,0.03333
23219,432131.1047,11,432131.4713,0.0,0.0,0.03333
23219,432131.1047,12,432131.5047,0.0,0.0,0.03333
23219,432131.1047,13,432131.538,0.0,0.0,0.03333
23219,432131.1047,14,432131.5713,0.0,0.0,0.03333
23219,432131.1047,15,432131.6047,0.0,0.0,0.03333
23219,432131.1047,16,432131.638,0.0,0.0,0.03333
23219,432131.1047,17,432131.6713,0.0,0.0,0.03333
23219,432131.1047,18,432131.7047,0.0,0.0,0.03333
23219,432131.1047,19,432131.738,0.0,0.0,0.03333
23219,432131.1047,20,432131.7713,0.0,0.0,0.03333
23219,432131.1047,21,432131.8047,0.0,0.0,0.03333
23219,432131.1047,22,432131.838,0.0,0.0,0.03333
23219,432131.1047,23,432131.8713,0.0,0.0,0.03333
23219,432131.1047,24,432131.9047,0.0,0.0,0.03333
23219,432131.1047,25,432131.938,0.0,0.0,0.03333
23219,432131.1047,26,432131.9713,0.0,0.0,0.03333
23219,432131.1047,27,432132.0047,0.0,0.0,0.03333
23219,432131.1047,28,432132.038,0.0,0.0,0.03333
23219,432131.1047,29,432132.0713,0.0,0.0,0.03333
23219,432131.1047,30,432132.1047,0.0,0.0,0.03333
23219,432131.1047,31,432132.138,0.0,0.0,0.03333
23220,432131.2054,0,432131.2054,0.0,0.0,0.03333
23220,432131.2054,1,432131.2387,0.0,0.0,0.03333
23220,432131.2054,2,432131.272,0.0,0.0,0.03333
23220,432131.2054,3,432131.3054,0.0,0.0,0.03333
23220,432131.2054,4,432131.3387,0.0,0.0,0.03333
23220,432131.2054,5,432131.372,0.0,0.0,0.03333
23220,432131.2054,6,432131.4054,0.0,0.0,0.03333
23220,432131.2054,7,432131.4387,0.0,0.0,0.03333
23220,432131.2054,8,432131.472,0.0,0.0,0.03333
23220,432131.2054,9,432131.5054,0.0,0.0,0.03333
23220,432131.2054,10,432131.5387,0.0,0.0,0.03333
23220,432131.2054,11,432131.572,0.0,0.0,0.03333
23220,432131.2054,12,432131.6054,0.0,0.0,0.03333
23220,432131.2054,13,432131.6387,0.0,0.0,0.03333
23220,432131.2054,14,432131.672,0.0,0.0,0.03333
23220,432131.2054,15,432131.7054,0.0,0.0,0.03333
23220,432131.2054,16,432131.7387,0.0,0.0,0.03333
23220,432131.2054,17,432131.772,0.0,0.0,0.03333
23220,432131.2054,18,432131.8054,0.0,0.0,0.03333
23220,432131.2054,19,432131.8387,0.0,0.0,0.03333
23220,432131.2054,20,432131.872,0.0,0.0,0.03333
23220,432131.2054,21,432131.9054,0.0,0.0,0.03333
23220,432131.2054,22,432131.9387,0.0,0.0,0.03333
23220,432131.2054,23,432131.972,0.0,0.0,0.03333
23220,432131.2054,24,432132.0054,0.0,0.0,0.03333
23220,432131.2054,25,432132.0387,0.0,0.0,0.03333
23220,432131.2054,26,432132.072,0.0,0.0,0.03333
23220,432131.2054,27,432132.1054,0.0,0.0,0.03333
23220,432131.2054,28,432132.1387,0.0,0.0,0.03333
23220,432131.2054,29,432132.172,0.0,0.0,0.03333
23220,432131.2054,30,432132.2054,0.0,0.0,0.03333
23220,432131.2054,31,432132.2387,0.0,0.0,0.03333
23221,432131.3065,0,432131.3065,0.0,0.0,0.03333
23221,432131.3065,1,432131.3398,0.0,0.0,0.03333
23221,432131.3065,2,432131.3732,0.0,0.0,0.03333
23221,432131.3065,3,432131.4065,0.0,0.0,0.03333
23221,432131.3065,4,432131.4398,0.0,0.0,0.03333
23221,432131.3065,5,432131.4732,0.0,0.0,0.03333
23221,432131.3065,6,432131.5065,0.0,0.0,0.03333
23221,432131.3065,7,432131.5398,0.0,0.0,0.03333
23221,432131.3065,8,432131.5732,0.0,0.0,0.03333
23221,432131.3065,9,432131.6065,0.0,0.0,0.03333
23221,432131.3065,10,432131.6398,0.0,0.0,0.03333
23221,432131.3065,11,432131.6732,0.0,0.0,0.03333
23221,432131.3065,12,432131.7065,0.0,0.0,0.03333
23221,432131.3065,13,432131.7398,0.0,0.0,0.03333
23221,432131.3065,14,432131.7732,0.0,0.0,0.03333
23221,432131.3065,15,432131.8065,0.0,0.0,0.03333
23221,432131.3065,16,432131.8398,0.0,0.0,0.03333
23221,432131.3065,17,432131.8732,0.0,0.0,0.03333
23221,432131.3065,18,432131.9065,0.0,0.0,0.03333
23221,432131.3065,19,432131.9398,0.0,0.0,0.03333
23221,432131.3065,20,432131.9732,0.0,0.0,0.03333
23221,432131.3065,21,432132.0065,0.0,0.0,0.03333
23221,432131.3065,22,432132.0398,0.0,0.0,0.03333
23221,432131.3065,23,432132.0732,0.0,0.0,0.03333
23221,432131.3065,24,432132.1065,0.0,0.0,0.03333
23221,432131.3065,25,432132.1398,0.0,0.0,0.03333
23221,432131.3065,26,432132.1732,0.0,0.0,0.03333
23221,432131.3065,27,432132.2065,0.0,0.0,0.03333
23221,432131.3065,28,432132.2398,0.0,0.0,0.03333
23221,432131.3065,29,432132.2732,0.0,0.0,0.03333
23221,432131.3065,30,432132.3065,0.0,0.0,0.03333
23221,432131.3065,31,432132.3398,0.0,0.0,0.03333
23222,432131.4077,0,432131.4077,0.0,0.0,0.03333
23222,432131.4077,1,432131.441,0.0,0.0,0.03333
23222,432131.4077,2,432131.4744,0.0,0.0,0.03333
23222,432131.4077,3,432131.5077,0.0,0.0,0.03333
23222,432131.4077,4,432131.541,0.0,0.0,0.03333
23222,432131.4077,5,432131.5744,0.0,0.0,0.03333
23222,432131.4077,6,432131.6077,0.0,0.0,0.03333
23222,432131.4077,7,432131.641,0.0,0.0,0.03333
23222,432131.4077,8,432131.6744,0.0,0.0,0.03333
23222,432131.4077,9,432131.7077,0.0,0.0,0.03333
23222,432131.4077,10,432131.741,0.0,0.0,0.03333
23222,432131.4077,11,432131.7744,0.0,0.0,0.03333
23222,432131.4077,12,432131.8077,0.0,0.0,0.03333
23222,432131.4077,13,432131.841,0.0,0.0,0.03333
23222,432131.4077,14,432131.8744,0.0,0.0,0.03333
23222,432131.4077,15,432131.9077,0.0,0.0,0.03333
23222,432131.4077,16,432131.941,0.0,0.0,0.03333
23222,432131.4077,17,432131.9744,0.0,0.0,0.03333
23222,432131.4077,18,432132.0077,0.0,0.0,0.03333
23222,432131.4077,19,432132.041,0.0,0.0,0.03333
23222,432131.4077,20,432132.0744,0.0,0.0,0.03333
23222,432131.4077,21,432132.1077,0.0,0.0,0.03333
23222,432131.4077,22,432132.141,0.0,0.0,0.03333
23222,432131.4077,23,432132.1744,0.0,0.0,0.03333
23222,432131.4077,24,432132.2077,0.0,0.0,0.03333
23222,432131.4077,25,432132.241,0.0,0.0,0.03333
23222,432131.4077,26,432132.2744,0.0,0.0,0.03333
23222,432131.4077,27,432132.3077,0.0,0.0,0.03333
23222,432131.4077,28,432132.341,0.0,0.0,0.03333
23222,432131.4077,29,432132.3744,0.0,0.0,0.03333
23222,432131.4077,30,432132.4077,0.0,0.0,0.03333
23222,432131.4077,31,432132.441,0.0,0.0,0.03333
23223,432131.5089,0,432131.5089,0.0,0.0,0.03333
23223,432131.5089,1,432131.5422,0.0,0.0,0.03333
23223,432131.5089,2,432131.5755,0.0,0.0,0.03333
23223,432131.5089,3,432131.6089,0.0,0.0,0.03333
23223,432131.5089,4,432131.6422,0.0,0.0,0.03333
23223,432131.5089,5,432131.6755,0.0,0.0,0.03333
23223,432131.5089,6,432131.7089,0.0,0.0,0.03333
23223,432131.5089,7,432131.7422,0.0,0.0,0.03333
23223,432131.5089,8,432131.7755,0.0,0.0,0.03333
23223,432131.5089,9,432131.8089,0.0,0.0,0.03333
23223,432131.5089,10,432131.8422,0.0,0.0,0.03333
23223,432131.5089,11,432131.8755,0.0,0.0,0.03333
23223,432131.5089,12,432131.9089,0.0,0.0,0.03333
23223,432131.5089,13,432131.9422,0.0,0.0,0.03333
23223,432131.5089,14,432131.9755,0.0,0.0,0.03333
23223,432131.5089,15,432132.0089,0.0,0.0,0.03333
23223,432131.5089,16,432132.0422,0.0,0.0,0.03333
23223,432131.5089,17,432132.0755,0.0,0.0,0.03333
23223,432131.5089,18,432132.1089,0.0,0.0,0.03333
23223,432131.5089,19,432132.1422,0.0,0.0,0.03333
23223,432131.5089,20,432132.1755,0.0,0.0,0.03333
23223,432131.5089,21,432132.2089,0.0,0.0,0.03333
23223,432131.5089,22,432132.2422,0.0,0.0,0.03333
23223,432131.5089,23,432132.2755,0.0,0.0,0.03333
23223,432131.5089,24,432132.3089,0.0,0.0,0.03333
23223,432131.5089,25,432132.3422,0.0,0.0,0.03333
23223,432131.5089,26,432132.3755,0.0,0.0,0.03333
23223,432131.5089,27,432132.4089,0.0,0.0,0.03333
23223,432131.5089,28,432132.4422,0.0,0.0,0.03333
23223,432131.5089,29,432132.4755,0.0,0.0,0.03333
23223,432131.5089,30,432132.5089,0.0,0.0,0.03333
23223,432131.5089,31,432132.5422,0.0,0.0,0.03333
23224,432131.6104,0,432131.6104,0.0,0.0,0.03333
23224,432131.6104,1,432131.6437,0.0,0.0,0.03333
23224,432131.6104,2,432131.677,0.0,0.0,0.03333
23224,432131.6104,3,432131.7104,0.0,0.0,0.03333
23224,432131.6104,4,432131.7437,0.0,0.0,0.03333
23224,432131.6104,5,432131.777,0.0,0.0,0.03333
23224,432131.6104,6,432131.8104,0.0,0.0,0.03333
23224,432131.6104,7,432131.8437,0.0,0.0,0.03333
23224,432131.6104,8,432131.877,0.0,0.0,0.03333
23224,432131.6104,9,432131.9104,0.0,0.0,0.03333
23224,432131.6104,10,432131.9437,0.0,0.0,0.03333
23224,432131.6104,11,432131.977,0.0,0.0,0.03333
23224,432131.6104,12,432132.0104,0.0,0.0,0.03333
23224,432131.6104,13,432132.0437,0.0,0.0,0.03333
23224,432131.6104,14,432132.077,0.0,0.0,0.03333
23224,432131.6104,15,432132.1104,0.0,0.0,0.03333
23224,432131.6104,16,432132.1437,0.0,0.0,0.03333
23224,432131.6104,17,432132.177,0.0,0.0,0.03333
23224,432131.6104,18,432132.2104,0.0,0.0,0.03333
23224,432131.6104,19,432132.2437,0.0,0.0,0.03333
23224,432131.6104,20,432132.277,0.0,0.0,0.03333
23224,432131.6104,21,432132.3104,0.0,0.0,0.03333
23224,432131.6104,22,432132.3437,0.0,0.0,0.03333
23224,432131.6104,23,432132.377,0.0,0.0,0.03333
23224,432131.6104,24,432132.4104,0.0,0.0,0.03333
23224,432131.6104,25,432132.4437,0.0,0.0,0.03333
23224,432131.6104,26,432132.477,0.0,0.0,0.03333
23224,432131.6104,27,432132.5104,0.0,0.0,0.03333
23224,432131.6104,28,432132.5437,0.0,0.0,0.03333
23224,432131.6104,29,432132.577,0.0,0.0,0.03333
23224,432131.6104,30,432132.6104,0.0,0.0,0.03333
23224,432131.6104,31,432132.6437,0.0,0.0,0.03333
23225,432131.7115,0,432131.7115,0.0,0.0,0.03333
23225,432131.7115,1,432131.7448,0.0,0.0,0.03333
23225,432131.7115,2,432131.7782,0.0,0.0,0.03333
23225,432131.7115,3,432131.8115,0.0,0.0,0.03333
23225,432131.7115,4,432131.8448,0.0,0.0,0.03333
23225,432131.7115,5,432131.8782,0.0,0.0,0.03333
23225,432131.7115,6,432131.9115,0.0,0.0,0.03333
23225,432131.7115,7,432131.9448,0.0,0.0,0.03333
23225,432131.7115,8,432131.9782,0.0,0.0,0.03333
23225,432131.7115,9,432132.0115,0.0,0.0,0.03333
23225,432131.7115,10,432132.0448,0.0,0.0,0.03333
23225,432131.7115,11,432132.0782,0.0,0.0,0.03333
23225,432131.7115,12,432132.1115,0.0,0.0,0.03333
23225,432131.7115,13,432132.1448,0.0,0.0,0.03333
23225,432131.7115,14,432132.1782,0.0,0.0,0.03333
23225,432131.7115,15,432132.2115,0.0,0.0,0.03333
23225,432131.7115,16,432132.2448,0.0,0.0,0.03333
23225,432131.7115,17,432132.2782,0.0,0.0,0.03333
23225,432131.7115,18,432132.3115,0.0,0.0,0.03333
23225,432131.7115,19,432132.3448,0.0,0.0,0.03333
23225,432131.7115,20,432132.3782,0.0,0.0,0.03333
23225,432131.7115,21,432132.4115,0.0,0.0,0.03333
23225,432131.7115,22,432132.4448,0.0,0.0,0.03333
23225,432131.7115,23,432132.4782,0.0,0.0,0.03333
23225,432131.7115,24,432132.5115,0.0,0.0,0.03333
23225,432131.7115,25,432132.5448,0.0,0.0,0.03333
23225,432131.7115,26,432132.5782,0.0,0.0,0.03333
23225,432131.7115,27,432132.6115,0.0,0.0,0.03333
23225,432131.7115,28,432132.6448,0.0,0.0,0.03333
23225,432131.7115,29,432132.6782,0.0,0.0,0.03333
23225,432131.7115,30,432132.7115,0.0,0.0,0.03333
23225,432131.7115,31,432132.7448,0.0,0.0,0.03333
23226,432131.8127,0,432131.8127,0.0,0.0,0.03333
23226,432131.8127,1,432131.846,0.0,0.0,0.03333
23226,432131.8127,2,432131.8794,0.0,0.0,0.03333
23226,432131.8127,3,432131.9127,0.0,0.0,0.03333
23226,432131.8127,4,432131.946,0.0,0.0,0.03333
23226,432131.8127,5,432131.9794,0.0,0.0,0.03333
23226,432131.8127,6,432132.0127,0.0,0.0,0.03333
23226,432131.8127,7,432132.046,0.0,0.0,0.03333
23226,432131.8127,8,432132.0794,0.0,0.0,0.03333
23226,432131.8127,9,432132.1127,0.0,0.0,0.03333
23226,432131.8127,10,432132.146,0.0,0.0,0.03333
23226,432131.8127,11,432132.1794,0.0,0.0,0.03333
23226,432131.8127,12,432132.2127,0.0,0.0,0.03333
23226,432131.8127,13,432132.246,0.0,0.0,0.03333
23226,432131.8127,14,432132.2794,0.0,0.0,0.03333
23226,432131.8127,15,432132.3127,0.0,0.0,0.03333
23226,432131.8127,16,432132.346,0.0,0.0,0.03333
23226,432131.8127,17,432132.3794,0.0,0.0,0.03333
23226,432131.8127,18,432132.4127,0.0,0.0,0.03333
23226,432131.8127,19,432132.446,0.0,0.0,0.03333
23226,432131.8127,20,432132.4794,0.0,0.0,0.03333
23226,432131.8127,21,432132.5127,0.0,0.0,0.03333
23226,432131.8127,22,432132.546,0.0,0.0,0.03333
23226,432131.8127,23,432132.5794,0.0,0.0,0.03333
23226,432131.8127,24,432132.6127,0.0,0.0,0.03333
23226,432131.8127,25,432132.646,0.0,0.0,0.03333
23226,432131.8127,26,432132.6794,0.0,0.0,0.03333
23226,432131.8127,27,432132.7127,0.0,0.0,0.03333
23226,432131.8127,28,432132.746,0.0,0.0,0.03333
23226,432131.8127,29,432132.7794,0.0,0.0,0.03333
23226,432131.8127,30,432132.8127,0.0,0.0,0.03333
23226,432131.8127,31,432132.846,0.0,0.0,0.03333
23227,432131.9139,0,432131.9139,0.0,0.0,0.03333
23227,432131.9139,1,432131.9472,0.0,0.0,0.03333
23227,432131.9139,2,432131.9805,0.0,0.0,0.03333
23227,432131.9139,3,432132.0139,0.0,0.0,0.03333
23227,432131.9139,4,432132.0472,0.0,0.0,0.03333
23227,432131.9139,5,432132.0805,0.0,0.0,0.03333
23227,432131.9139,6,432132.1139,0.0,0.0,0.03333
23227,432131.9139,7,432132.1472,0.0,0.0,0.03333
23227,432131.9139,8,432132.1805,0.0,0.0,0.03333
23227,432131.9139,9,432132.2139,0.0,0.0,0.03333
23227,432131.9139,10,432132.2472,0.0,0.0,0.03333
23227,432131.9139,11,432132.2805,0.0,0.0,0.03333
23227,432131.9139,12,432132.3139,0.0,0.0,0.03333
23227,432131.9139,13,432132.3472,0.0,0.0,0.03333
23227,432131.9139,14,432132.3805,0.0,0.0,0.03333
23227,432131.9139,15,432132.4139,0.0,0.0,0.03333
23227,432131.9139,16,432132.4472,0.0,0.0,0.03333
23227,432131.9139,17,432132.4805,0.0,0.0,0.03333
23227,432131.9139,18,432132.5139,0.0,0.0,0.03333
23227,432131.9139,19,432132.5472,0.0,0.0,0.03333
23227,432131.9139,20,432132.5805,0.0,0.0,0.03333
23227,432131.9139,21,432132.6139,0.0,0.0,0.03333
23227,432131.9139,22,432132.6472,0.0,0.0,0.03333
23227,432131.9139,23,432132.6805,0.0,0.0,0.03333
23227,432131.9139,24,432132.7139,0.0,0.0,0.03333
23227,432131.9139,25,432132.7472,0.0,0.0,0.03333
23227,432131.9139,26,432132.7805,0.0,0.0,0.03333
23227,432131.9139,27,432132.8139,0.0,0.0,0.03333
23227,432131.9139,28,432132.8472,0.0,0.0,0.03333
23227,432131.9139,29,432132.8805,0.0,0.0,0.03333
23227,432131.9139,30,432132.9139,0.0,0.0,0.03333
23227,432131.9139,31,432132.9472,0.0,0.0,0.03333
23228,432132.015,0,432132.015,0.0,0.0,0.03333
23228,432132.015,1,432132.0483,0.0,0.0,0.03333
23228,432132.015,2,432132.0816,0.0,0.0,0.03333
23228,432132.015,3,432132.115,0.0,0.0,0.03333
23228,432132.015,4,432132.1483,0.0,0.0,0.03333
23228,432132.015,5,432132.1816,0.0,0.0,0.03333
23228,432132.015,6,432132.215,0.0,0.0,0.03333
23228,432132.015,7,432132.2483,0.0,0.0,0.03333
23228,432132.015,8,432132.2816,0.0,0.0,0.03333
23228,432132.015,9,432132.315,0.0,0.0,0.03333
23228,432132.015,10,432132.3483,0.0,0.0,0.03333
23228,432132.015,11,432132.3816,0.0,0.0,0.03333
23228,432132.015,12,432132.415,0.0,0.0,0.03333
23228,432132.015,13,432132.4483,0.0,0.0,0.03333
23228,432132.015,14,432132.4816,0.0,0.0,0.03333
23228,432132.015,15,432132.515,0.0,0.0,0.03333
23228,432132.015,16,432132.5483,0.0,0.0,0.03333
23228,432132.015,17,432132.5816,0.0,0.0,0.03333
23228,432132.015,18,432132.615,0.0,0.0,0.03333
23228,432132.015,19,432132.6483,0.0,0.0,0.03333
23228,432132.015,20,432132.6816,0.0,0.0,0.03333
23228,432132.015,21,432132.715,0.0,0.0,0.03333
23228,432132.015,22,432132.7483,0.0,0.0,0.03333
23228,432132.015,23,432132.7816,0.0,0.0,0.03333
23228,432132.015,24,432132.815,0.0,0.0,0.03333
23228,432132.015,25,432132.8483,0.0,0.0,0.03333
23228,432132.015,26,432132.8816,0.0,0.0,0.03333
23228,432132.015,27,432132.915,0.0,0.0,0.03333
23228,432132.015,28,432132.9483,0.0,0.0,0.03333
23228,432132.015,29,432132.9816,0.0,0.0,0.03333
23228,432132.015,30,432133.015,0.0,0.0,0.03333
23228,432132.015,31,432133.0483,0.0,0.0,0.03333
23229,432132.1165,0,432132.1165,0.0,0.0,0.03333
23229,432132.1165,1,432132.1498,0.0,0.0,0.03333
23229,432132.1165,2,432132.1831,0.0,0.0,0.03333
23229,432132.1165,3,432132.2165,0.0,0.0,0.03333
23229,432132.1165,4,432132.2498,0.0,0.0,0.03333
23229,432132.1165,5,432132.2831,0.0,0.0,0.03333
23229,432132.1165,6,432132.3165,0.0,0.0,0.03333
23229,432132.1165,7,432132.3498,0.0,0.0,0.03333
23229,432132.1165,8,432132.3831,0.0,0.0,0.03333
23229,432132.1165,9,432132.4165,0.0,0.0,0.03333
23229,432132.1165,10,432132.4498,0.0,0.0,0.03333
23229,432132.1165,11,432132.4831,0.0,0.0,0.03333
23229,432132.1165,12,432132.5165,0.0,0.0,0.03333
23229,432132.1165,13,432132.5498,0.0,0.0,0.03333
23229,432132.1165,14,432132.5831,0.0,0.0,0.03333
23229,432132.1165,15,432132.6165,0.0,0.0,0.03333
23229,432132.1165,16,432132.6498,0.0,0.0,0.03333
23229,432132.1165,17,432132.6831,0.0,0.0,0.03333
23229,432132.1165,18,432132.7165,0.0,0.0,0.03333
23229,432132.1165,19,432132.7498,0.0,0.0,0.03333
23229,432132.1165,20,432132.7831,0.0,0.0,0.03333
23229,432132.1165,21,432132.8165,0.0,0.0,0.03333
23229,432132.1165,22,432132.8498,0.0,0.0,0.03333
23229,432132.1165,23,432132.8831,0.0,0.0,0.03333
23229,432132.1165,24,432132.9165,0.0,0.0,0.03333
23229,432132.1165,25,432132.9498,0.0,0.0,0.03333
23229,432132.1165,26,432132.9831,0.0,0.0,0.03333
23229,432132.1165,27,432133.0165,0.0,0.0,0.03333
23229,432132.1165,28,432133.0498,0.0,0.0,0.03333
23229,432132.1165,29,432133.0831,0.0,0.0,0.03333
23229,432132.1165,30,432133.1165,0.0,0.0,0.03333
23229,432132.1165,31,432133.1498,0.0,0.0,0.03333
23230,432132.218,0,432132.218,0.0,0.0,0.03333
23230,432132.218,1,432132.2514,0.0,0.0,0.03333
23230,432132.218,2,432132.2847,0.0,0.0,0.03333
23230,432132.218,3,432132.318,0.0,0.0,0.03333
23230,432132.218,4,432132.3514,0.0,0.0,0.03333
23230,432132.218,5,432132.3847,0.0,0.0,0.03333
23230,432132.218,6,432132.418,0.0,0.0,0.03333
23230,432132.218,7,432132.4514,0.0,0.0,0.03333
23230,432132.218,8,432132.4847,0.0,0.0,0.03333
23230,432132.218,9,432132.518,0.0,0.0,0.03333
23230,432132.218,10,432132.5514,0.0,0.0,0.03333
23230,432132.218,11,432132.5847,0.0,0.0,0.03333
23230,432132.218,12,432132.618,0.0,0.0,0.03333
23230,432132.218,13,432132.6514,0.0,0.0,0.03333
23230,432132.218,14,432132.6847,0.0,0.0,0.03333
23230,432132.218,15,432132.718,0.0,0.0,0.03333
23230,432132.218,16,432132.7514,0.0,0.0,0.03333
23230,432132.218,17,432132.7847,0.0,0.0,0.03333
23230,432132.218,18,432132.818,0.0,0.0,0.03333
23230,432132.218,19,432132.8514,0.0,0.0,0.03333
23230,432132.218,20,432132.8847,0.0,0.0,0.03333
23230,432132.218,21,432132.918,0.0,0.0,0.03333
23230,432132.218,22,432132.9514,0.0,0.0,0.03333
23230,432132.218,23,432132.9847,0.0,0.0,0.03333
23230,432132.218,24,432133.018,0.0,0.0,0.03333
23230,432132.218,25,432133.0514,0.0,0.0,0.03333
23230,432132.218,26,432133.0847,0.0,0.0,0.03333
23230,432132.218,27,432133.118,0.0,0.0,0.03333
23230,432132.218,28,432133.1514,0.0,0.0,0.03333
23230,432132.218,29,432133.1847,0.0,0.0,0.03333
23230,432132.218,30,432133.218,0.0,0.0,0.03333
23230,432132.218,31,432133.2514,0.0,0.0,0.03333
23231,432132.3196,0,432132.3196,0.0,0.0,0.03333
23231,432132.3196,1,432132.353,0.0,0.0,0.03333
23231,432132.3196,2,432132.3863,0.0,0.0,0.03333
23231,432132.3196,3,432132.4196,0.0,0.0,0.03333
23231,432132.3196,4,432132.453,0.0,0.0,0.03333
23231,432132.3196,5,432132.4863,0.0,0.0,0.03333
23231,432132.3196,6,432132.5196,0.0,0.0,0.03333
23231,432132.3196,7,432132.553,0.0,0.0,0.03333
23231,432132.3196,8,432132.5863,0.0,0.0,0.03333
23231,432132.3196,9,432132.6196,0.0,0.0,0.03333
23231,432132.3196,10,432132.653,0.0,0.0,0.03333
23231,432132.3196,11,432132.6863,0.0,0.0,0.03333
23231,432132.3196,12,432132.7196,0.0,0.0,0.03333
23231,432132.3196,13,432132.753,0.0,0.0,0.03333
23231,432132.3196,14,432132.7863,0.0,0.0,0.03333
23231,432132.3196,15,432132.8196,0.0,0.0,0.03333
23231,432132.3196,16,432132.853,0.0,0.0,0.03333
23231,432132.3196,17,432132.8863,0.0,0.0,0.03333
23231,432132.3196,18,432132.9196,0.0,0.0,0.03333
23231,432132.3196,19,432132.953,0.0,0.0,0.03333
23231,432132.3196,20,432132.9863,0.0,0.0,0.03333
23231,432132.3196,21,432133.0196,0.0,0.0,0.03333
23231,432132.3196,22,432133.053,0.0,0.0,0.03333
23231,432132.3196,23,432133.0863,0.0,0.0,0.03333
23231,432132.3196,24,432133.1196,0.0,0.0,0.03333
23231,432132.3196,25,432133.153,0.0,0.0,0.03333
23231,432132.3196,26,432133.1863,0.0,0.0,0.03333
23231,432132.3196,27,432133.2196,0.0,0.0,0.03333
23231,432132.3196,28,432133.253,0.0,0.0,0.03333
23231,432132.3196,29,432133.2863,0.0,0.0,0.03333
23231,432132.3196,30,432133.3196,0.0,0.0,0.03333
23231,432132.3196,31,432133.353,0.0,0.0,0.03333
23232,432132.4207,0,432132.4207,0.0,0.0,0.03333
23232,432132.4207,1,432132.4541,0.0,0.0,0.03333
23232,432132.4207,2,432132.4874,0.0,0.0,0.03333
23232,432132.4207,3,432132.5207,0.0,0.0,0.03333
23232,432132.4207,4,432132.5541,0.0,0.0,0.03333
23232,432132.4207,5,432132.5874,0.0,0.0,0.03333
23232,432132.4207,6,432132.6207,0.0,0.0,0.03333
23232,432132.4207,7,432132.6541,0.0,0.0,0.03333
23232,432132.4207,8,432132.6874,0.0,0.0,0.03333
23232,432132.4207,9,432132.7207,0.0,0.0,0.03333
23232,432132.4207,10,432132.7541,0.0,0.0,0.03333
23232,432132.4207,11,432132.7874,0.0,0.0,0.03333
23232,432132.4207,12,432132.8207,0.0,0.0,0.03333
23232,432132.4207,13,432132.8541,0.0,0.0,0.03333
23232,432132.4207,14,432132.8874,0.0,0.0,0.03333
23232,432132.4207,15,432132.9207,0.0,0.0,0.03333
23232,432132.4207,16,432132.9541,0.0,0.0,0.03333
23232,432132.4207,17,432132.9874,0.0,0.0,0.03333
23232,432132.4207,18,432133.0207,0.0,0.0,0.03333
23232,432132.4207,19,432133.0541,0.0,0.0,0.03333
23232,432132.4207,20,432133.0874,0.0,0.0,0.03333
23232,432132.4207,21,432133.1207,0.0,0.0,0.03333
23232,432132.4207,22,432133.1541,0.0,0.0,0.03333
23232,432132.4207,23,432133.1874,0.0,0.0,0.03333
23232,432132.4207,24,432133.2207,0.0,0.0,0.03333
23232,432132.4207,25,432133.2541,0.0,0.0,0.03333
23232,432132.4207,26,432133.2874,0.0,0.0,0.03333
23232,432132.4207,27,432133.3207,0.0,0.0,0.03333
23232,432132.4207,28,432133.3541,0.0,0.0,0.03333
23232,432132.4207,29,432133.3874,0.0,0.0,0.03333
23232,432132.4207,30,432133.4207,0.0,0.0,0.03333
23232,432132.4207,31,432133.4541,0.0,0.0,0.03333
23233,432132.522,0,432132.522,0.0,0.0,0.03333
23233,432132.522,1,432132.5554,0.0,0.0,0.03333
23233,432132.522,2,432132.5887,0.0,0.0,0.03333
23233,432132.522,3,432132.622,0.0,0.0,0.03333
23233,432132.522,4,432132.6554,0.0,0.0,0.03333
23233,432132.522,5,432132.6887,0.0,0.0,0.03333
23233,432132.522,6,432132.722,0.0,0.0,0.03333
23233,432132.522,7,432132.7554,0.0,0.0,0.03333
23233,432132.522,8,432132.7887,0.0,0.0,0.03333
23233,432132.522,9,432132.822,0.0,0.0,0.03333
23233,432132.522,10,432132.8554,0.0,0.0,0.03333
23233,432132.522,11,432132.8887,0.0,0.0,0.03333
23233,432132.522,12,432132.922,0.0,0.0,0.03333
23233,432132.522,13,432132.9554,0.0,0.0,0.03333
23233,432132.522,14,432132.9887,0.0,0.0,0.03333
23233,432132.522,15,432133.022,0.0,0.0,0.03333
23233,432132.522,16,432133.0554,0.0,0.0,0.03333
23233,432132.522,17,432133.0887,0.0,0.0,0.03333
23233,432132.522,18,432133.122,0.0,0.0,0.03333
23233,432132.522,19,432133.1554,0.0,0.0,0.03333
23233,432132.522,20,432133.1887,0.0,0.0,0.03333
23233,432132.522,21,432133.222,0.0,0.0,0.03333
23233,432132.522,22,432133.2554,0.0,0.0,0.03333
23233,432132.522,23,432133.2887,0.0,0.0,0.03333
23233,432132.522,24,432133.322,0.0,0.0,0.03333
23233,432132.522,25,432133.3554,0.0,0.0,0.03333
23233,432132.522,26,432133.3887,0.0,0.0,0.03333
23233,432132.522,27,432133.422,0.0,0.0,0.03333
23233,432132.522,28,432133.4554,0.0,0.0,0.03333
23233,432132.522,29,432133.4887,0.0,0.0,0.03333
23233,432132.522,30,432133.522,0.0,0.0,0.03333
23233,432132.522,31,432133.5554,0.0,0.0,0.03333
23234,432132.6229,0,432132.6229,0.0,0.0,0.03333
23234,432132.6229,1,432132.6562,0.0,0.0,0.03333
23234,432132.6229,2,432132.6895,0.0,0.0,0.03333
23234,432132.6229,3,432132.7229,0.0,0.0,0.03333
23234,432132.6229,4,432132.7562,0.0,0.0,0.03333
23234,432132.6229,5,432132.7895,0.0,0.0,0.03333
23234,432132.6229,6,432132.8229,0.0,0.0,0.03333
23234,432132.6229,7,432132.8562,0.0,0.0,0.03333
23234,432132.6229,8,432132.8895,0.0,0.0,0.03333
23234,432132.6229,9,432132.9229,0.0,0.0,0.03333
23234,432132.6229,10,432132.9562,0.0,0.0,0.03333
23234,432132.6229,11,432132.9895,0.0,0.0,0.03333
23234,432132.6229,12,432133.0229,0.0,0.0,0.03333
23234,432132.6229,13,432133.0562,0.0,0.0,0.03333
23234,432132.6229,14,432133.0895,0.0,0.0,0.03333
23234,432132.6229,15,432133.1229,0.0,0.0,0.03333
23234,432132.6229,16,432133.1562,0.0,0.0,0.03333
23234,432132.6229,17,432133.1895,0.0,0.0,0.03333
23234,432132.6229,18,432133.2229,0.0,0.0,0.03333
23234,432132.6229,19,432133.2562,0.0,0.0,0.03333
23234,432132.6229,20,432133.2895,0.0,0.0,0.03333
23234,432132.6229,21,432133.3229,0.0,0.0,0.03333
23234,432132.6229,22,432133.3562,0.0,0.0,0.03333
23234,432132.6229,23,432133.3895,0.0,0.0,0.03333
23234,432132.6229,24,432133.4229,0.0,0.0,0.03333
23234,432132.6229,25,432133.4562,0.0,0.0,0.03333
23234,432132.6229,26,432133.4895,0.0,0.0,0.03333
23234,432132.6229,27,432133.5229,0.0,0.0,0.03333
23234,432132.6229,28,432133.5562,0.0,0.0,0.03333
23234,432132.6229,29,432133.5895,0.0,0.0,0.03333
23234,432132.6229,30,432133.6229,0.0,0.0,0.03333
23234,432132.6229,31,432133.6562,0.0,0.0,0.03333
23235,432132.7237,0,432132.7237,0.0,0.0,0.03333
23235,432132.7237,1,432132.757,0.0,0.0,0.03333
23235,432132.7237,2,432132.7903,0.0,0.0,0.03333
23235,432132.7237,3,432132.8237,0.0,0.0,0.03333
23235,432132.7237,4,432132.857,0.0,0.0,0.03333
23235,432132.7237,5,432132.8903,0.0,0.0,0.03333
23235,432132.7237,6,432132.9237,0.0,0.0,0.03333
23235,432132.7237,7,432132.957,0.0,0.0,0.03333
23235,432132.7237,8,432132.9903,0.0,0.0,0.03333
23235,432132.7237,9,432133.0237,0.0,0.0,0.03333
23235,432132.7237,10,432133.057,0.0,0.0,0.03333
23235,432132.7237,11,432133.0903,0.0,0.0,0.03333
23235,432132.7237,12,432133.1237,0.0,0.0,0.03333
23235,432132.7237,13,432133.157,0.0,0.0,0.03333
23235,432132.7237,14,432133.1903,0.0,0.0,0.03333
23235,432132.7237,15,432133.2237,0.0,0.0,0.03333
23235,432132.7237,16,432133.257,0.0,0.0,0.03333
23235,432132.7237,17,432133.2903,0.0,0.0,0.03333
23235,432132.7237,18,432133.3237,0.0,0.0,0.03333
23235,432132.7237,19,432133.357,0.0,0.0,0.03333
23235,432132.7237,20,432133.3903,0.0,0.0,0.03333
23235,432132.7237,21,432133.4237,0.0,0.0,0.03333
23235,432132.7237,22,432133.457,0.0,0.0,0.03333
23235,432132.7237,23,432133.4903,0.0,0.0,0.03333
23235,432132.7237,24,432133.5237,0.0,0.0,0.03333
23235,432132.7237,25,432133.557,0.0,0.0,0.03333
23235,432132.7237,26,432133.5903,0.0,0.0,0.03333
23235,432132.7237,27,432133.6237,0.0,0.0,0.03333
23235,432132.7237,28,432133.657,0.0,0.0,0.03333
23235,432132.7237,29,432133.6903,0.0,0.0,0.03333
23235,432132.7237,30,432133.7237,0.0,0.0,0.03333
23235,432132.7237,31,432133.757,0.0,0.0,0.03333
23236,432132.8257,0,432132.8257,0.0,0.0,0.03333
23236,432132.8257,1,432132.859,0.0,0.0,0.03333
23236,432132.8257,2,432132.8923,0.0,0.0,0.03333
23236,432132.8257,3,432132.9257,0.0,0.0,0.03333
23236,432132.8257,4,432132.959,0.0,0.0,0.03333
23236,432132.8257,5,432132.9923,0.0,0.0,0.03333
23236,432132.8257,6,432133.0257,0.0,0.0,0.03333
23236,432132.8257,7,432133.059,0.0,0.0,0.03333
23236,432132.8257,8,432133.0923,0.0,0.0,0.03333
23236,432132.8257,9,432133.1257,0.0,0.0,0.03333
23236,432132.8257,10,432133.159,0.0,0.0,0.03333
23236,432132.8257,11,432133.1923,0.0,0.0,0.03333
23236,432132.8257,12,432133.2257,0.0,0.0,0.03333
23236,432132.8257,13,432133.259,0.0,0.0,0.03333
23236,432132.8257,14,432133.2923,0.0,0.0,0.03333
23236,432132.8257,15,432133.3257,0.0,0.0,0.03333
23236,432132.8257,16,432133.359,0.0,0.0,0.03333
23236,432132.8257,17,432133.3923,0.0,0.0,0.03333
23236,432132.8257,18,432133.4257,0.0,0.0,0.03333
23236,432132.8257,19,432133.459,0.0,0.0,0.03333
23236,432132.8257,20,432133.4923,0.0,0.0,0.03333
23236,432132.8257,21,432133.5257,0.0,0.0,0.03333
23236,432132.8257,22,432133.559,0.0,0.0,0.03333
23236,432132.8257,23,432133.5923,0.0,0.0,0.03333
23236,432132.8257,24,432133.6257,0.0,0.0,0.03333
23236,432132.8257,25,432133.659,0.0,0.0,0.03333
23236,432132.8257,26,432133.6923,0.0,0.0,0.03333
23236,432132.8257,27,432133.7257,0.0,0.0,0.03333
23236,432132.8257,28,432133.759,0.0,0.0,0.03333
23236,432132.8257,29,432133.7923,0.0,0.0,0.03333
23236,432132.8257,30,432133.8257,0.0,0.0,0.03333
23236,432132.8257,31,432133.859,0.0,0.0,0.03333
23237,432132.9271,0,432132.9271,0.0,0.0,0.03333
23237,432132.9271,1,432132.9604,0.0,0.0,0.03333
23237,432132.9271,2,432132.9938,0.0,0.0,0.03333
23237,432132.9271,3,432133.0271,0.0,0.0,0.03333
23237,432132.9271,4,432133.0604,0.0,0.0,0.03333
23237,432132.9271,5,432133.0938,0.0,0.0,0.03333
23237,432132.9271,6,432133.1271,0.0,0.0,0.03333
23237,432132.9271,7,432133.1604,0.0,0.0,0.03333
23237,432132.9271,8,432133.1938,0.0,0.0,0.03333
23237,432132.9271,9,432133.2271,0.0,0.0,0.03333
23237,432132.9271,10,432133.2604,0.0,0.0,0.03333
23237,432132.9271,11,432133.2938,0.0,0.0,0.03333
23237,432132.9271,12,432133.3271,0.0,0.0,0.03333
23237,432132.9271,13,432133.3604,0.0,0.0,0.03333
23237,432132.9271,14,432133.3938,0.0,0.0,0.03333
23237,432132.9271,15,432133.4271,0.0,0.0,0.03333
23237,432132.9271,16,432133.4604,0.0,0.0,0.03333
23237,432132.9271,17,432133.4938,0.0,0.0,0.03333
23237,432132.9271,18,432133.5271,0.0,0.0,0.03333
23237,432132.9271,19,432133.5604,0.0,0.0,0.03333
23237,432132.9271,20,432133.5938,0.0,0.0,0.03333
23237,432132.9271,21,432133.6271,0.0,0.0,0.03333
23237,432132.9271,22,432133.6604,0.0,0.0,0.03333
23237,432132.9271,23,432133.6938,0.0,0.0,0.03333
23237,432132.9271,24,432133.7271,0.0,0.0,0.03333
23237,432132.9271,25,432133.7604,0.0,0.0,0.03333
23237,432132.9271,26,432133.7938,0.0,0.0,0.03333
23237,432132.9271,27,432133.8271,0.0,0.0,0.03333
23237,432132.9271,28,432133.8604,0.0,0.0,0.03333
23237,432132.9271,29,432133.8938,0.0,0.0,0.03333
23237,432132.9271,30,432133.9271,0.0,0.0,0.03333
23237,432132.9271,31,432133.9604,0.0,0.0,0.03333
23238,432133.0288,0,432133.0288,0.0,0.0,0.03333
23238,432133.0288,1,432133.0621,0.0,0.0,0.03333
23238,432133.0288,2,432133.0955,0.0,0.0,0.03333
23238,432133.0288,3,432133.1288,0.0,0.0,0.03333
23238,432133.0288,4,432133.1621,0.0,0.0,0.03333
23238,432133.0288,5,432133.1955,0.0,0.0,0.03333
23238,432133.0288,6,432133.2288,0.0,0.0,0.03333
23238,432133.0288,7,432133.2621,0.0,0.0,0.03333
23238,432133.0288,8,432133.2955,0.0,0.0,0.03333
23238,432133.0288,9,432133.3288,0.0,0.0,0.03333
23238,432133.0288,10,432133.3621,0.0,0.0,0.03333
23238,432133.0288,11,432133.3955,0.0,0.0,0.03333
23238,432133.0288,12,432133.4288,0.0,0.0,0.03333
23238,432133.0288,13,432133.4621,0.0,0.0,0.03333
23238,432133.0288,14,432133.4955,0.0,0.0,0.03333
23238,432133.0288,15,432133.5288,0.0,0.0,0.03333
23238,432133.0288,16,432133.5621,0.0,0.0,0.03333
23238,432133.0288,17,432133.5955,0.0,0.0,0.03333
23238,432133.0288,18,432133.6288,0.0,0.0,0.03333
23238,432133.0288,19,432133.6621,0.0,0.0,0.03333
23238,432133.0288,20,432133.6955,0.0,0.0,0.03333
23238,432133.0288,21,432133.7288,0.0,0.0,0.03333
23238,432133.0288,22,432133.7621,0.0,0.0,0.03333
23238,432133.0288,23,432133.7955,0.0,0.0,0.03333
23238,432133.0288,24,432133.8288,0.0,0.0,0.03333
23238,432133.0288,25,432133.8621,0.0,0.0,0.03333
23238,432133.0288,26,432133.8955,0.0,0.0,0.03333
23238,432133.0288,27,432133.9288,0.0,0.0,0.03333
23238,432133.0288,28,432133.9621,0.0,0.0,0.03333
23238,432133.0288,29,432133.9955,0.0,0.0,0.03333
23238,432133.0288,30,432134.0288,0.0,0.0,0.03333
23238,432133.0288,31,432134.0621,0.0,0.0,0.03333
23239,432133.1303,0,432133.1303,0.0,0.0,0.03333
23239,432133.1303,1,432133.1636,0.0,0.0,0.03333
23239,432133.1303,2,432133.1969,0.0,0.0,0.03333
23239,432133.1303,3,432133.2303,0.0,0.0,0.03333
23239,432133.1303,4,432133.2636,0.0,0.0,0.03333
23239,432133.1303,5,432133.2969,0.0,0.0,0.03333
23239,432133.1303,6,432133.3303,0.0,0.0,0.03333
23239,432133.1303,7,432133.3636,0.0,0.0,0.03333
23239,432133.1303,8,432133.3969,0.0,0.0,0.03333
23239,432133.1303,9,432133.4303,0.0,0.0,0.03333
23239,432133.1303,10,432133.4636,0.0,0.0,0.03333
23239,432133.1303,11,432133.4969,0.0,0.0,0.03333
23239,432133.1303,12,432133.5303,0.0,0.0,0.03333
23239,432133.1303,13,432133.5636,0.0,0.0,0.03333
23239,432133.1303,14,432133.5969,0.0,0.0,0.03333
23239,432133.1303,15,432133.6303,0.0,0.0,0.03333
23239,432133.1303,16,432133.6636,0.0,0.0,0.03333
23239,432133.1303,17,432133.6969,0.0,0.0,0.03333
23239,432133.1303,18,432133.7303,0.0,0.0,0.03333
23239,432133.1303,19,432133.7636,0.0,0.0,0.03333
23239,432133.1303,20,432133.7969,0.0,0.0,0.03333
23239,432133.1303,21,432133.8303,0.0,0.0,0.03333
23239,432133.1303,22,432133.8636,0.0,0.0,0.03333
23239,432133.1303,23,432133.8969,0.0,0.0,0.03333
23239,432133.1303,24,432133.9303,0.0,0.0,0.03333
23239,432133.1303,25,432133.9636,0.0,0.0,0.03333
23239,432133.1303,26,432133.9969,0.0,0.0,0.03333
23239,432133.1303,27,432134.0303,0.0,0.0,0.03333
23239,432133.1303,28,432134.0636,0.0,0.0,0.03333
23239,432133.1303,29,432134.0969,0.0,0.0,0.03333
23239,432133.1303,30,432134.1303,0.0,0.0,0.03333
23239,432133.1303,31,432134.1636,0.0,0.0,0.03333
23240,432133.2314,0,432133.2314,0.0,0.0,0.03333
23240,432133.2314,1,432133.2648,0.0,0.0,0.03333
23240,432133.2314,2,432133.2981,0.0,0.0,0.03333
23240,432133.2314,3,432133.3314,0.0,0.0,0.03333
23240,432133.2314,4,432133.3648,0.0,0.0,0.03333
23240,432133.2314,5,432133.3981,0.0,0.0,0.03333
23240,432133.2314,6,432133.4314,0.0,0.0,0.03333
23240,432133.2314,7,432133.4648,0.0,0.0,0.03333
23240,432133.2314,8,432133.4981,0.0,0.0,0.03333
23240,432133.2314,9,432133.5314,0.0,0.0,0.03333
23240,432133.2314,10,432133.5648,0.0,0.0,0.03333
23240,432133.2314,11,432133.5981,0.0,0.0,0.03333
23240,432133.2314,12,432133.6314,0.0,0.0,0.03333
23240,432133.2314,13,432133.6648,0.0,0.0,0.03333
23240,432133.2314,14,432133.6981,0.0,0.0,0.03333
23240,432133.2314,15,432133.7314,0.0,0.0,0.03333
23240,432133.2314,16,432133.7648,0.0,0.0,0.03333
23240,432133.2314,17,432133.7981,0.0,0.0,0.03333
23240,432133.2314,18,432133.8314,0.0,0.0,0.03333
23240,432133.2314,19,432133.8648,0.0,0.0,0.03333
23240,432133.2314,20,432133.8981,0.0,0.0,0.03333
23240,432133.2314,21,432133.9314,0.0,0.0,0.03333
23240,432133.2314,22,432133.9648,0.0,0.0,0.03333
23240,432133.2314,23,432133.9981,0.0,0.0,0.03333
23240,432133.2314,24,432134.0314,0.0,0.0,0.03333
23240,432133.2314,25,432134.0648,0.0,0.0,0.03333
23240,432133.2314,26,432134.0981,0.0,0.0,0.03333
23240,432133.2314,27,432134.1314,0.0,0.0,0.03333
23240,432133.2314,28,432134.1648,0.0,0.0,0.03333
23240,432133.2314,29,432134.1981,0.0,0.0,0.03333
23240,432133.2314,30,432134.2314,0.0,0.0,0.03333
23240,432133.2314,31,432134.2648,0.0,0.0,0.03333
23241,432133.3329,0,432133.3329,0.0,0.0,0.03333
23241,432133.3329,1,432133.3662,0.0,0.0,0.03333
23241,432133.3329,2,432133.3995,0.0,0.0,0.03333
23241,432133.3329,3,432133.4329,0.0,0.0,0.03333
23241,432133.3329,4,432133.4662,0.0,0.0,0.03333
23241,432133.3329,5,432133.4995,0.0,0.0,0.03333
23241,432133.3329,6,432133.5329,0.0,0.0,0.03333
23241,432133.3329,7,432133.5662,0.0,0.0,0.03333
23241,432133.3329,8,432133.5995,0.0,0.0,0.03333
23241,432133.3329,9,432133.6329,0.0,0.0,0.03333
23241,432133.3329,10,432133.6662,0.0,0.0,0.03333
23241,432133.3329,11,432133.6995,0.0,0.0,0.03333
23241,432133.3329,12,432133.7329,0.0,0.0,0.03333
23241,432133.3329,13,432133.7662,0.0,0.0,0.03333
23241,432133.3329,14,432133.7995,0.0,0.0,0.03333
23241,432133.3329,15,432133.8329,0.0,0.0,0.03333
23241,432133.3329,16,432133.8662,0.0,0.0,0.03333
23241,432133.3329,17,432133.8995,0.0,0.0,0.03333
23241,432133.3329,18,432133.9329,0.0,0.0,0.03333
23241,432133.3329,19,432133.9662,0.0,0.0,0.03333
23241,432133.3329,20,432133.9995,0.0,0.0,0.03333
23241,432133.3329,21,432134.0329,0.0,0.0,0.03333
23241,432133.3329,22,432134.0662,0.0,0.0,0.03333
23241,432133.3329,23,432134.0995,0.0,0.0,0.03333
23241,432133.3329,24,432134.1329,0.0,0.0,0.03333
23241,432133.3329,25,432134.1662,0.0,0.0,0.03333
23241,432133.3329,26,432134.1995,0.0,0.0,0.03333
23241,432133.3329,27,432134.2329,0.0,0.0,0.03333
23241,432133.3329,28,432134.2662,0.0,0.0,0.03333
23241,432133.3329,29,432134.2995,0.0,0.0,0.03333
23241,432133.3329,30,432134.3329,0.0,0.0,0.03333
23241,432133.3329,31,432134.3662,0.0,0.0,0.03333
23242,432133.4342,0,432133.4342,0.0,0.0,0.03333
23242,432133.4342,1,432133.4675,0.0,0.0,0.03333
23242,432133.4342,2,432133.5009,0.0,0.0,0.03333
23242,432133.4342,3,432133.5342,0.0,0.0,0.03333
23242,432133.4342,4,432133.5675,0.0,0.0,0.03333
23242,432133.4342,5,432133.6009,0.0,0.0,0.03333
23242,432133.4342,6,432133.6342,0.0,0.0,0.03333
23242,432133.4342,7,432133.6675,0.0,0.0,0.03333
23242,432133.4342,8,432133.7009,0.0,0.0,0.03333
23242,432133.4342,9,432133.7342,0.0,0.0,0.03333
23242,432133.4342,10,432133.7675,0.0,0.0,0.03333
23242,432133.4342,11,432133.8009,0.0,0.0,0.03333
23242,432133.4342,12,432133.8342,0.0,0.0,0.03333
23242,432133.4342,13,432133.8675,0.0,0.0,0.03333
23242,432133.4342,14,432133.9009,0.0,0.0,0.03333
23242,432133.4342,15,432133.9342,0.0,0.0,0.03333
23242,432133.4342,16,432133.9675,0.0,0.0,0.03333
23242,432133.4342,17,432134.0009,0.0,0.0,0.03333
23242,432133.4342,18,432134.0342,0.0,0.0,0.03333
23242,432133.4342,19,432134.0675,0.0,0.0,0.03333
23242,432133.4342,20,432134.1009,0.0,0.0,0.03333
23242,432133.4342,21,432134.1342,0.0,0.0,0.03333
23242,432133.4342,22,432134.1675,0.0,0.0,0.03333
23242,432133.4342,23,432134.2009,0.0,0.0,0.03333
23242,432133.4342,24,432134.2342,0.0,0.0,0.03333
23242,432133.4342,25,432134.2675,0.0,0.0,0.03333
23242,432133.4342,26,432134.3009,0.0,0.0,0.03333
23242,432133.4342,27,432134.3342,0.0,0.0,0.03333
23242,432133.4342,28,432134.3675,0.0,0.0,0.03333
23242,432133.4342,29,432134.4009,0.0,0.0,0.03333
23242,432133.4342,30,432134.4342,0.0,0.0,0.03333
23242,432133.4342,31,432134.4675,0.0,0.0,0.03333
23243,432133.5359,0,432133.5359,0.0,0.0,0.03333
23243,432133.5359,1,432133.5693,0.0,0.0,0.03333
23243,432133.5359,2,432133.6026,0.0,0.0,0.03333
23243,432133.5359,3,432133.6359,0.0,0.0,0.03333
23243,432133.5359,4,432133.6693,0.0,0.0,0.03333
23243,432133.5359,5,432133.7026,0.0,0.0,0.03333
23243,432133.5359,6,432133.7359,0.0,0.0,0.03333
23243,432133.5359,7,432133.7693,0.0,0.0,0.03333
23243,432133.5359,8,432133.8026,0.0,0.0,0.03333
23243,432133.5359,9,432133.8359,0.0,0.0,0.03333
23243,432133.5359,10,432133.8693,0.0,0.0,0.03333
23243,432133.5359,11,432133.9026,0.0,0.0,0.03333
23243,432133.5359,12,432133.9359,0.0,0.0,0.03333
23243,432133.5359,13,432133.9693,0.0,0.0,0.03333
23243,432133.5359,14,432134.0026,0.0,0.0,0.03333
23243,432133.5359,15,432134.0359,0.0,0.0,0.03333
23243,432133.5359,16,432134.0693,0.0,0.0,0.03333
23243,432133.5359,17,432134.1026,0.0,0.0,0.03333
23243,432133.5359,18,432134.1359,0.0,0.0,0.03333
23243,432133.5359,19,432134.1693,0.0,0.0,0.03333
23243,432133.5359,20,432134.2026,0.0,0.0,0.03333
23243,432133.5359,21,432134.2359,0.0,0.0,0.03333
23243,432133.5359,22,432134.2693,0.0,0.0,0.03333
23243,432133.5359,23,432134.3026,0.0,0.0,0.03333
23243,432133.5359,24,432134.3359,0.0,0.0,0.03333
23243,432133.5359,25,432134.3693,0.0,0.0,0.03333
23243,432133.5359,26,432134.4026,0.0,0.0,0.03333
23243,432133.5359,27,432134.4359,0.0,0.0,0.03333
23243,432133.5359,28,432134.4693,0.0,0.0,0.03333
23243,432133.5359,29,432134.5026,0.0,0.0,0.03333
23243,432133.5359,30,432134.5359,0.0,0.0,0.03333
23243,432133.5359,31,432134.5693,0.0,0.0,0.03333
23244,432133.6369,0,432133.6369,0.0,0.0,0.03333
23244,432133.6369,1,432133.6702,0.0,0.0,0.03333
23244,432133.6369,2,432133.7035,0.0,0.0,0.03333
23244,432133.6369,3,432133.7369,0.0,0.0,0.03333
23244,432133.6369,4,432133.7702,0.0,0.0,0.03333
23244,432133.6369,5,432133.8035,0.0,0.0,0.03333
23244,432133.6369,6,432133.8369,0.0,0.0,0.03333
23244,432133.6369,7,432133.8702,0.0,0.0,0.03333
23244,432133.6369,8,432133.9035,0.0,0.0,0.03333
23244,432133.6369,9,432133.9369,0.0,0.0,0.03333
23244,432133.6369,10,432133.9702,0.0,0.0,0.03333
23244,432133.6369,11,432134.0035,0.0,0.0,0.03333
23244,432133.6369,12,432134.0369,0.0,0.0,0.03333
23244,432133.6369,13,432134.0702,0.0,0.0,0.03333
23244,432133.6369,14,432134.1035,0.0,0.0,0.03333
23244,432133.6369,15,432134.1369,0.0,0.0,0.03333
23244,432133.6369,16,432134.1702,0.0,0.0,0.03333
23244,432133.6369,17,432134.2035,0.0,0.0,0.03333
23244,432133.6369,18,432134.2369,0.0,0.0,0.03333
23244,432133.6369,19,432134.2702,0.0,0.0,0.03333
23244,432133.6369,20,432134.3035,0.0,0.0,0.03333
23244,432133.6369,21,432134.3369,0.0,0.0,0.03333
23244,432133.6369,22,432134.3702,0.0,0.0,0.03333
23244,432133.6369,23,432134.4035,0.0,0.0,0.03333
23244,432133.6369,24,432134.4369,0.0,0.0,0.03333
23244,432133.6369,25,432134.4702,0.0,0.0,0.03333
23244,432133.6369,26,432134.5035,0.0,0.0,0.03333
23244,432133.6369,27,432134.5369,0.0,0.0,0.03333
23244,432133.6369,28,432134.5702,0.0,0.0,0.03333
23244,432133.6369,29,432134.6035,0.0,0.0,0.03333
23244,432133.6369,30,432134.6369,0.0,0.0,0.03333
23244,432133.6369,31,432134.6702,0.0,0.0,0.03333
23245,432133.7378,0,432133.7378,0.0,0.0,0.03333
23245,432133.7378,1,432133.7712,0.0,0.0,0.03333
23245,432133.7378,2,432133.8045,0.0,0.0,0.03333
23245,432133.7378,3,432133.8378,0.0,0.0,0.03333
23245,432133.7378,4,432133.8712,0.0,0.0,0.03333
23245,432133.7378,5,432133.9045,0.0,0.0,0.03333
23245,432133.7378,6,432133.9378,0.0,0.0,0.03333
23245,432133.7378,7,432133.9712,0.0,0.0,0.03333
23245,432133.7378,8,432134.0045,0.0,0.0,0.03333
23245,432133.7378,9,432134.0378,0.0,0.0,0.03333
23245,432133.7378,10,432134.0712,0.0,0.0,0.03333
23245,432133.7378,11,432134.1045,0.0,0.0,0.03333
23245,432133.7378,12,432134.1378,0.0,0.0,0.03333
23245,432133.7378,13,432134.1712,0.0,0.0,0.03333
23245,432133.7378,14,432134.2045,0.0,0.0,0.03333
23245,432133.7378,15,432134.2378,0.0,0.0,0.03333
23245,432133.7378,16,432134.2712,0.0,0.0,0.03333
23245,432133.7378,17,432134.3045,0.0,0.0,0.03333
23245,432133.7378,18,432134.3378,0.0,0.0,0.03333
23245,432133.7378,19,432134.3712,0.0,0.0,0.03333
23245,432133.7378,20,432134.4045,0.0,0.0,0.03333
23245,432133.7378,21,432134.4378,0.0,0.0,0.03333
23245,432133.7378,22,432134.4712,0.0,0.0,0.03333
23245,432133.7378,23,432134.5045,0.0,0.0,0.03333
23245,432133.7378,24,432134.5378,0.0,0.0,0.03333
23245,432133.7378,25,432134.5712,0.0,0.0,0.03333
23245,432133.7378,26,432134.6045,0.0,0.0,0.03333
23245,432133.7378,27,432134.6378,0.0,0.0,0.03333
23245,432133.7378,28,432134.6712,0.0,0.0,0.03333
23245,432133.7378,29,432134.7045,0.0,0.0,0.03333
23245,432133.7378,30,432134.7378,0.0,0.0,0.03333
23245,432133.7378,31,432134.7712,0.0,0.0,0.03333
23246,432133.8391,0,432133.8391,0.0,0.0,0.03333
23246,432133.8391,1,432133.8724,0.0,0.0,0.03333
23246,432133.8391,2,432133.9057,0.0,0.0,0.03333
23246,432133.8391,3,432133.9391,0.0,0.0,0.03333
23246,432133.8391,4,432133.9724,0.0,0.0,0.03333
23246,432133.8391,5,432134.0057,0.0,0.0,0.03333
23246,432133.8391,6,432134.0391,0.0,0.0,0.03333
23246,432133.8391,7,432134.0724,0.0,0.0,0.03333
23246,432133.8391,8,432134.1057,0.0,0.0,0.03333
23246,432133.8391,9,432134.1391,0.0,0.0,0.03333
23246,432133.8391,10,432134.1724,0.0,0.0,0.03333
23246,432133.8391,11,432134.2057,0.0,0.0,0.03333
23246,432133.8391,12,432134.2391,0.0,0.0,0.03333
23246,432133.8391,13,432134.2724,0.0,0.0,0.03333
23246,432133.8391,14,432134.3057,0.0,0.0,0.03333
23246,432133.8391,15,432134.3391,0.0,0.0,0.03333
23246,432133.8391,16,432134.3724,0.0,0.0,0.03333
23246,432133.8391,17,432134.4057,0.0,0.0,0.03333
23246,432133.8391,18,432134.4391,0.0,0.0,0.03333
23246,432133.8391,19,432134.4724,0.0,0.0,0.03333
23246,432133.8391,20,432134.5057,0.0,0.0,0.03333
23246,432133.8391,21,432134.5391,0.0,0.0,0.03333
23246,432133.8391,22,432134.5724,0.0,0.0,0.03333
23246,432133.8391,23,432134.6057,0.0,0.0,0.03333
23246,432133.8391,24,432134.6391,0.0,0.0,0.03333
23246,432133.8391,25,432134.6724,0.0,0.0,0.03333
23246,432133.8391,26,432134.7057,0.0,0.0,0.03333
23246,432133.8391,27,432134.7391,0.0,0.0,0.03333
23246,432133.8391,28,432134.7724,0.0,0.0,0.03333
23246,432133.8391,29,432134.8057,0.0,0.0,0.03333
23246,432133.8391,30,432134.8391,0.0,0.0,0.03333
23246,432133.8391,31,432134.8724,0.0,0.0,0.03333
23247,432133.9406,0,432133.9406,0.0,0.0,0.03333
23247,432133.9406,1,432133.9739,0.0,0.0,0.03333
23247,432133.9406,2,432134.0073,0.0,0.0,0.03333
23247,432133.9406,3,432134.0406,0.0,0.0,0.03333
23247,432133.9406,4,432134.0739,0.0,0.0,0.03333
23247,432133.9406,5,432134.1073,0.0,0.0,0.03333
23247,432133.9406,6,432134.1406,0.0,0.0,0.03333
23247,432133.9406,7,432134.1739,0.0,0.0,0.03333
23247,432133.9406,8,432134.2073,0.0,0.0,0.03333
23247,432133.9406,9,432134.2406,0.0,0.0,0.03333
23247,432133.9406,10,432134.2739,0.0,0.0,0.03333
23247,432133.9406,11,432134.3073,0.0,0.0,0.03333
23247,432133.9406,12,432134.3406,0.0,0.0,0.03333
23247,432133.9406,13,432134.3739,0.0,0.0,0.03333
23247,432133.9406,14,432134.4073,0.0,0.0,0.03333
23247,432133.9406,15,432134.4406,0.0,0.0,0.03333
23247,432133.9406,16,432134.4739,0.0,0.0,0.03333
23247,432133.9406,17,432134.5073,0.0,0.0,0.03333
23247,432133.9406,18,432134.5406,0.0,0.0,0.03333
23247,432133.9406,19,432134.5739,0.0,0.0,0.03333
23247,432133.9406,20,432134.6073,0.0,0.0,0.03333
23247,432133.9406,21,432134.6406,0.0,0.0,0.03333
23247,432133.9406,22,432134.6739,0.0,0.0,0.03333
23247,432133.9406,23,432134.7073,0.0,0.0,0.03333
23247,432133.9406,24,432134.7406,0.0,0.0,0.03333
23247,432133.9406,25,432134.7739,0.0,0.0,0.03333
23247,432133.9406,26,432134.8073,0.0,0.0,0.03333
23247,432133.9406,27,432134.8406,0.0,0.0,0.03333
23247,432133.9406,28,432134.8739,0.0,0.0,0.03333
23247,432133.9406,29,432134.9073,0.0,0.0,0.03333
23247,432133.9406,30,432134.9406,0.0,0.0,0.03333
23247,432133.9406,31,432134.9739,0.0,0.0,0.03333
23248,432134.0422,0,432134.0422,0.0,0.0,0.03333
23248,432134.0422,1,432134.0755,0.0,0.0,0.03333
23248,432134.0422,2,432134.1088,0.0,0.0,0.03333
23248,432134.0422,3,432134.1422,0.0,0.0,0.03333
23248,432134.0422,4,432134.1755,0.0,0.0,0.03333
23248,432134.0422,5,432134.2088,0.0,0.0,0.03333
23248,432134.0422,6,432134.2422,0.0,0.0,0.03333
23248,432134.0422,7,432134.2755,0.0,0.0,0.03333
23248,432134.0422,8,432134.3088,0.0,0.0,0.03333
23248,432134.0422,9,432134.3422,0.0,0.0,0.03333
23248,432134.0422,10,432134.3755,0.0,0.0,0.03333
23248,432134.0422,11,432134.4088,0.0,0.0,0.03333
23248,432134.0422,12,432134.4422,0.0,0.0,0.03333
23248,432134.0422,13,432134.4755,0.0,0.0,0.03333
23248,432134.0422,14,432134.5088,0.0,0.0,0.03333
23248,432134.0422,15,432134.5422,0.0,0.0,0.03333
23248,432134.0422,16,432134.5755,0.0,0.0,0.03333
23248,432134.0422,17,432134.6088,0.0,0.0,0.03333
23248,432134.0422,18,432134.6422,0.0,0.0,0.03333
23248,432134.0422,19,432134.6755,0.0,0.0,0.03333
23248,432134.0422,20,432134.7088,0.0,0.0,0.03333
23248,432134.0422,21,432134.7422,0.0,0.0,0.03333
23248,432134.0422,22,432134.7755,0.0,0.0,0.03333
23248,432134.0422,23,432134.8088,0.0,0.0,0.03333
23248,432134.0422,24,432134.8422,0.0,0.0,0.03333
23248,432134.0422,25,432134.8755,0.0,0.0,0.03333
23248,432134.0422,26,432134.9088,0.0,0.0,0.03333
23248,432134.0422,27,432134.9422,0.0,0.0,0.03333
23248,432134.0422,28,432134.9755,0.0,0.0,0.03333
23248,432134.0422,29,432135.0088,0.0,0.0,0.03333
23248,432134.0422,30,432135.0422,0.0,0.0,0.03333
23248,432134.0422,31,432135.0755,0.0,0.0,0.03333
23249,432134.1441,0,432134.1441,0.0,0.0,0.03333
23249,432134.1441,1,432134.1774,0.0,0.0,0.03333
23249,432134.1441,2,432134.2107,0.0,0.0,0.03333
23249,432134.1441,3,432134.2441,0.0,0.0,0.03333
23249,432134.1441,4,432134.2774,0.0,0.0,0.03333
23249,432134.1441,5,432134.3107,0.0,0.0,0.03333
23249,432134.1441,6,432134.3441,0.0,0.0,0.03333
23249,432134.1441,7,432134.3774,0.0,0.0,0.03333
23249,432134.1441,8,432134.4107,0.0,0.0,0.03333
23249,432134.1441,9,432134.4441,0.0,0.0,0.03333
23249,432134.1441,10,432134.4774,0.0,0.0,0.03333
23249,432134.1441,11,432134.5107,0.0,0.0,0.03333
23249,432134.1441,12,432134.5441,0.0,0.0,0.03333
23249,432134.1441,13,432134.5774,0.0,0.0,0.03333
23249,432134.1441,14,432134.6107,0.0,0.0,0.03333
23249,432134.1441,15,432134.6441,0.0,0.0,0.03333
23249,432134.1441,16,432134.6774,0.0,0.0,0.03333
23249,432134.1441,17,432134.7107,0.0,0.0,0.03333
23249,432134.1441,18,432134.7441,0.0,0.0,0.03333
23249,432134.1441,19,432134.7774,0.0,0.0,0.03333
23249,432134.1441,20,432134.8107,0.0,0.0,0.03333
23249,432134.1441,21,432134.8441,0.0,0.0,0.03333
23249,432134.1441,22,432134.8774,0.0,0.0,0.03333
23249,432134.1441,23,432134.9107,0.0,0.0,0.03333
23249,432134.1441,24,432134.9441,0.0,0.0,0.03333
23249,432134.1441,25,432134.9774,0.0,0.0,0.03333
23249,432134.1441,26,432135.0107,0.0,0.0,0.03333
23249,432134.1441,27,432135.0441,0.0,0.0,0.03333
23249,432134.1441,28,432135.0774,0.0,0.0,0.03333
23249,432134.1441,29,432135.1107,0.0,0.0,0.03333
23249,432134.1441,30,432135.1441,0.0,0.0,0.03333
23249,432134.1441,31,432135.1774,0.0,0.0,0.03333
23250,432134.2455,0,432134.2455,0.0,0.0,0.03333
23250,432134.2455,1,432134.2788,0.0,0.0,0.03333
23250,432134.2455,2,432134.3122,0.0,0.0,0.03333
23250,432134.2455,3,432134.3455,0.0,0.0,0.03333
23250,432134.2455,4,432134.3788,0.0,0.0,0.03333
23250,432134.2455,5,432134.4122,0.0,0.0,0.03333
23250,432134.2455,6,432134.4455,0.0,0.0,0.03333
23250,432134.2455,7,432134.4788,0.0,0.0,0.03333
23250,432134.2455,8,432134.5122,0.0,0.0,0.03333
23250,432134.2455,9,432134.5455,0.0,0.0,0.03333
23250,432134.2455,10,432134.5788,0.0,0.0,0.03333
23250,432134.2455,11,432134.6122,0.0,0.0,0.03333
23250,432134.2455,12,432134.6455,0.0,0.0,0.03333
23250,432134.2455,13,432134.6788,0.0,0.0,0.03333
23250,432134.2455,14,432134.7122,0.0,0.0,0.03333
23250,432134.2455,15,432134.7455,0.0,0.0,0.03333
23250,432134.2455,16,432134.7788,0.0,0.0,0.03333
23250,432134.2455,17,432134.8122,0.0,0.0,0.03333
23250,432134.2455,18,432134.8455,0.0,0.0,0.03333
23250,432134.2455,19,432134.8788,0.0,0.0,0.03333
23250,432134.2455,20,432134.9122,0.0,0.0,0.03333
23250,432134.2455,21,432134.9455,0.0,0.0,0.03333
23250,432134.2455,22,432134.9788,0.0,0.0,0.03333
23250,432134.2455,23,432135.0122,0.0,0.0,0.03333
23250,432134.2455,24,432135.0455,0.0,0.0,0.03333
23250,432134.2455,25,432135.0788,0.0,0.0,0.03333
23250,432134.2455,26,432135.1122,0.0,0.0,0.03333
23250,432134.2455,27,432135.1455,0.0,0.0,0.03333
23250,432134.2455,28,432135.1788,0.0,0.0,0.03333
23250,432134.2455,29,432135.2122,0.0,0.0,0.03333
23250,432134.2455,30,432135.2455,0.0,0.0,0.03333
23250,432134.2455,31,432135.2788,0.0,0.0,0.03333
23251,432134.3463,0,432134.3463,0.0,0.0,0.03333
23251,432134.3463,1,432134.3797,0.0,0.0,0.03333
23251,432134.3463,2,432134.413,0.0,0.0,0.03333
23251,432134.3463,3,432134.4463,0.0,0.0,0.03333
23251,432134.3463,4,432134.4797,0.0,0.0,0.03333
23251,432134.3463,5,432134.513,0.0,0.0,0.03333
23251,432134.3463,6,432134.5463,0.0,0.0,0.03333
23251,432134.3463,7,432134.5797,0.0,0.0,0.03333
23251,432134.3463,8,432134.613,0.0,0.0,0.03333
23251,432134.3463,9,432134.6463,0.0,0.0,0.03333
23251,432134.3463,10,432134.6797,0.0,0.0,0.03333
23251,432134.3463,11,432134.713,0.0,0.0,0.03333
23251,432134.3463,12,432134.7463,0.0,0.0,0.03333
23251,432134.3463,13,432134.7797,0.0,0.0,0.03333
23251,432134.3463,14,432134.813,0.0,0.0,0.03333
23251,432134.3463,15,432134.8463,0.0,0.0,0.03333
23251,432134.3463,16,432134.8797,0.0,0.0,0.03333
23251,432134.3463,17,432134.913,0.0,0.0,0.03333
23251,432134.3463,18,432134.9463,0.0,0.0,0.03333
23251,432134.3463,19,432134.9797,0.0,0.0,0.03333
23251,432134.3463,20,432135.013,0.0,0.0,0.03333
23251,432134.3463,21,432135.0463,0.0,0.0,0.03333
23251,432134.3463,22,432135.0797,0.0,0.0,0.03333
23251,432134.3463,23,432135.113,0.0,0.0,0.03333
23251,432134.3463,24,432135.1463,0.0,0.0,0.03333
23251,432134.3463,25,432135.1797,0.0,0.0,0.03333
23251,432134.3463,26,432135.213,0.0,0.0,0.03333
23251,432134.3463,27,432135.2463,0.0,0.0,0.03333
23251,432134.3463,28,432135.2797,0.0,0.0,0.03333
23251,432134.3463,29,432135.313,0.0,0.0,0.03333
23251,432134.3463,30,432135.3463,0.0,0.0,0.03333
23251,432134.3463,31,432135.3797,0.0,0.0,0.03333
23252,432134.448,0,432134.448,0.0,0.0,0.03333
23252,432134.448,1,432134.4813,0.0,0.0,0.03333
23252,432134.448,2,432134.5147,0.0,0.0,0.03333
23252,432134.448,3,432134.548,0.0,0.0,0.03333
23252,432134.448,4,432134.5813,0.0,0.0,0.03333
23252,432134.448,5,432134.6147,0.0,0.0,0.03333
23252,432134.448,6,432134.648,0.0,0.0,0.03333
23252,432134.448,7,432134.6813,0.0,0.0,0.03333
23252,432134.448,8,432134.7147,0.0,0.0,0.03333
23252,432134.448,9,432134.748,0.0,0.0,0.03333
23252,432134.448,10,432134.7813,0.0,0.0,0.03333
23252,432134.448,11,432134.8147,0.0,0.0,0.03333
23252,432134.448,12,432134.848,0.0,0.0,0.03333
23252,432134.448,13,432134.8813,0.0,0.0,0.03333
23252,432134.448,14,432134.9147,0.0,0.0,0.03333
23252,432134.448,15,432134.948,0.0,0.0,0.03333
23252,432134.448,16,432134.9813,0.0,0.0,0.03333
23252,432134.448,17,432135.0147,0.0,0.0,0.03333
23252,432134.448,18,432135.048,0.0,0.0,0.03333
23252,432134.448,19,432135.0813,0.0,0.0,0.03333
23252,432134.448,20,432135.1147,0.0,0.0,0.03333
23252,432134.448,21,432135.148,0.0,0.0,0.03333
23252,432134.448,22,432135.1813,0.0,0.0,0.03333
23252,432134.448,23,432135.2147,0.0,0.0,0.03333
23252,432134.448,24,432135.248,0.0,0.0,0.03333
23252,432134.448,25,432135.2813,0.0,0.0,0.03333
23252,432134.448,26,432135.3147,0.0,0.0,0.03333
23252,432134.448,27,432135.348,0.0,0.0,0.03333
23252,432134.448,28,432135.3813,0.0,0.0,0.03333
23252,432134.448,29,432135.4147,0.0,0.0,0.03333
23252,432134.448,30,432135.448,0.0,0.0,0.03333
23252,432134.448,31,432135.4813,0.0,0.0,0.03333
23253,432134.448,0,432134.448,0.0,0.0,0.03333
23253,432134.448,1,432134.4813,0.0,0.0,0.03333
23253,432134.448,2,432134.5147,0.0,0.0,0.03333
23253,432134.448,3,432134.548,0.0,0.0,0.03333
23253,432134.448,4,432134.5813,0.0,0.0,0.03333
23253,432134.448,5,432134.6147,0.0,0.0,0.03333
23253,432134.448,6,432134.648,0.0,0.0,0.03333
23253,432134.448,7,432134.6813,0.0,0.0,0.03333
23253,432134.448,8,432134.7147,0.0,0.0,0.03333
23253,432134.448,9,432134.748,0.0,0.0,0.03333
23253,432134.448,10,432134.7813,0.0,0.0,0.03333
23253,432134.448,11,432134.8147,0.0,0.0,0.03333
23253,432134.448,12,432134.848,0.0,0.0,0.03333
23253,432134.448,13,432134.8813,0.0,0.0,0.03333
23253,432134.448,14,432134.9147,0.0,0.0,0.03333
23253,432134.448,15,432134.948,0.0,0.0,0.03333
23253,432134.448,16,432134.9813,0.0,0.0,0.03333
23253,432134.448,17,432135.0147,0.0,0.0,0.03333
23253,432134.448,18,432135.048,0.0,0.0,0.03333
23253,432134.448,19,432135.0813,0.0,0.0,0.03333
23253,432134.448,20,432135.1147,0.0,0.0,0.03333
23253,432134.448,21,432135.148,0.0,0.0,0.03333
23253,432134.448,22,432135.1813,0.0,0.0,0.03333
23253,432134.448,23,432135.2147,0.0,0.0,0.03333
23253,432134.448,24,432135.248,0.0,0.0,0.03333
23253,432134.448,25,432135.2813,0.0,0.0,0.03333
23253,432134.448,26,432135.3147,0.0,0.0,0.03333
23253,432134.448,27,432135.348,0.0,0.0,0.03333
23253,432134.448,28,432135.3813,0.0,0.0,0.03333
23253,432134.448,29,432135.4147,0.0,0.0,0.03333
23253,432134.448,30,432135.448,0.0,0.0,0.03333
23253,432134.448,31,432135.4813,0.0,0.0,0.03333
23254,432134.448,0,432134.448,0.0,0.0,0.03333
23254,432134.448,1,432134.4813,0.0,0.0,0.03333
23254,432134.448,2,432134.5147,0.0,0.0,0.03333
23254,432134.448,3,432134.548,0.0,0.0,0.03333
23254,432134.448,4,432134.5813,0.0,0.0,0.03333
23254,432134.448,5,432134.6147,0.0,0.0,0.03333
23254,432134.448,6,432134.648,0.0,0.0,0.03333
23254,432134.448,7,432134.6813,0.0,0.0,0.03333
23254,432134.448,8,432134.7147,0.0,0.0,0.03333
23254,432134.448,9,432134.748,0.0,0.0,0.03333
23254,432134.448,10,432134.7813,0.0,0.0,0.03333
23254,432134.448,11,432134.8147,0.0,0.0,0.03333
23254,432134.448,12,432134.848,0.0,0.0,0.03333
23254,432134.448,13,432134.8813,0.0,0.0,0.03333
23254,432134.448,14,432134.9147,0.0,0.0,0.03333
23254,432134.448,15,432134.948,0.0,0.0,0.03333
23254,432134.448,16,432134.9813,0.0,0.0,0.03333
23254,432134.448,17,432135.0147,0.0,0.0,0.03333
23254,432134.448,18,432135.048,0.0,0.0,0.03333
23254,432134.448,19,432135.0813,0.0,0.0,0.03333
23254,432134.448,20,432135.1147,0.0,0.0,0.03333
23254,432134.448,21,432135.148,0.0,0.0,0.03333
23254,432134.448,22,432135.1813,0.0,0.0,0.03333
23254,432134.448,23,432135.2147,0.0,0.0,0.03333
23254,432134.448,24,432135.248,0.0,0.0,0.03333
23254,432134.448,25,432135.2813,0.0,0.0,0.03333
23254,432134.448,26,432135.3147,0.0,0.0,0.03333
23254,432134.448,27,432135.348,0.0,0.0,0.03333
23254,432134.448,28,432135.3813,0.0,0.0,0.03333
23254,432134.448,29,432135.4147,0.0,0.0,0.03333
23254,432134.448,30,432135.448,0.0,0.0,0.03333
23254,432134.448,31,432135.4813,0.0,0.0,0.03333
23255,432134.448,0,432134.448,0.0,0.0,0.03333
23255,432134.448,1,432134.4813,0.0,0.0,0.03333
23255,432134.448,2,432134.5147,0.0,0.0,0.03333
23255,432134.448,3,432134.548,0.0,0.0,0.03333
23255,432134.448,4,432134.5813,0.0,0.0,0.03333
23255,432134.448,5,432134.6147,0.0,0.0,0.03333
23255,432134.448,6,432134.648,0.0,0.0,0.03333
23255,432134.448,7,432134.6813,0.0,0.0,0.03333
23255,432134.448,8,432134.7147,0.0,0.0,0.03333
23255,432134.448,9,432134.748,0.0,0.0,0.03333
23255,432134.448,10,432134.7813,0.0,0.0,0.03333
23255,432134.448,11,432134.8147,0.0,0.0,0.03333
23255,432134.448,12,432134.848,0.0,0.0,0.03333
23255,432134.448,13,432134.8813,0.0,0.0,0.03333
23255,432134.448,14,432134.9147,0.0,0.0,0.03333
23255,432134.448,15,432134.948,0.0,0.0,0.03333
23255,432134.448,16,432134.9813,0.0,0.0,0.03333
23255,432134.448,17,432135.0147,0.0,0.0,0.03333
23255,432134.448,18,432135.048,0.0,0.0,0.03333
23255,432134.448,19,432135.0813,0.0,0.0,0.03333
23255,432134.448,20,432135.1147,0.0,0.0,0.03333
23255,432134.448,21,432135.148,0.0,0.0,0.03333
23255,432134.448,22,432135.1813,0.0,0.0,0.03333
23255,432134.448,23,432135.2147,0.0,0.0,0.03333
23255,432134.448,24,432135.248,0.0,0.0,0.03333
23255,432134.448,25,432135.2813,0.0,0.0,0.03333
23255,432134.448,26,432135.3147,0.0,0.0,0.03333
23255,432134.448,27,432135.348,0.0,0.0,0.03333
23255,432134.448,28,432135.3813,0.0,0.0,0.03333
23255,432134.448,29,432135.4147,0.0,0.0,0.03333
23255,432134.448,30,432135.448,0.0,0.0,0.03333
23255,432134.448,31,432135.4813,0.0,0.0,0.03333
23256,432134.448,0,432134.448,0.0,0.0,0.03333
23256,432134.448,1,432134.4813,0.0,0.0,0.03333
23256,432134.448,2,432134.5147,0.0,0.0,0.03333
23256,432134.448,3,432134.548,0.0,0.0,0.03333
23256,432134.448,4,432134.5813,0.0,0.0,0.03333
23256,432134.448,5,432134.6147,0.0,0.0,0.03333
23256,432134.448,6,432134.648,0.0,0.0,0.03333
23256,432134.448,7,432134.6813,0.0,0.0,0.03333
23256,432134.448,8,432134.7147,0.0,0.0,0.03333
23256,432134.448,9,432134.748,0.0,0.0,0.03333
23256,432134.448,10,432134.7813,0.0,0.0,0.03333
23256,432134.448,11,432134.8147,0.0,0.0,0.03333
23256,432134.448,12,432134.848,0.0,0.0,0.03333
23256,432134.448,13,432134.8813,0.0,0.0,0.03333
23256,432134.448,14,432134.9147,0.0,0.0,0.03333
23256,432134.448,15,432134.948,0.0,0.0,0.03333
23256,432134.448,16,432134.9813,0.0,0.0,0.03333
23256,432134.448,17,432135.0147,0.0,0.0,0.03333
23256,432134.448,18,432135.048,0.0,0.0,0.03333
23256,432134.448,19,432135.0813,0.0,0.0,0.03333
23256,432134.448,20,432135.1147,0.0,0.0,0.03333
23256,432134.448,21,432135.148,0.0,0.0,0.03333
23256,432134.448,22,432135.1813,0.0,0.0,0.03333
23256,432134.448,23,432135.2147,0.0,0.0,0.03333
23256,432134.448,24,432135.248,0.0,0.0,0.03333
23256,432134.448,25,432135.2813,0.0,0.0,0.03333
23256,432134.448,26,432135.3147,0.0,0.0,0.03333
23256,432134.448,27,432135.348,0.0,0.0,0.03333
23256,432134.448,28,432135.3813,0.0,0.0,0.03333
23256,432134.448,29,432135.4147,0.0,0.0,0.03333
23256,432134.448,30,432135.448,0.0,0.0,0.03333
23256,432134.448,31,432135.4813,0.0,0.0,0.03333
23257,432134.9573,0,432134.9573,0.0,0.0,0.03333
23257,432134.9573,1,432134.9907,0.0,0.0,0.03333
23257,432134.9573,2,432135.024,0.0,0.0,0.03333
23257,432134.9573,3,432135.0573,0.0,0.0,0.03333
23257,432134.9573,4,432135.0907,0.0,0.0,0.03333
23257,432134.9573,5,432135.124,0.0,0.0,0.03333
23257,432134.9573,6,432135.1573,0.0,0.0,0.03333
23257,432134.9573,7,432135.1907,0.0,0.0,0.03333
23257,432134.9573,8,432135.224,0.0,0.0,0.03333
23257,432134.9573,9,432135.2573,0.0,0.0,0.03333
23257,432134.9573,10,432135.2907,0.0,0.0,0.03333
23257,432134.9573,11,432135.324,0.0,0.0,0.03333
23257,432134.9573,12,432135.3573,0.0,0.0,0.03333
23257,432134.9573,13,432135.3907,0.0,0.0,0.03333
23257,432134.9573,14,432135.424,0.0,0.0,0.03333
23257,432134.9573,15,432135.4573,0.0,0.0,0.03333
23257,432134.9573,16,432135.4907,0.0,0.0,0.03333
23257,432134.9573,17,432135.524,0.0,0.0,0.03333
23257,432134.9573,18,432135.5573,0.0,0.0,0.03333
23257,432134.9573,19,432135.5907,0.0,0.0,0.03333
23257,432134.9573,20,432135.624,0.0,0.0,0.03333
23257,432134.9573,21,432135.6573,0.0,0.0,0.03333
23257,432134.9573,22,432135.6907,0.0,0.0,0.03333
23257,432134.9573,23,432135.724,0.0,0.0,0.03333
23257,432134.9573,24,432135.7573,0.0,0.0,0.03333
23257,432134.9573,25,432135.7907,0.0,0.0,0.03333
23257,432134.9573,26,432135.824,0.0,0.0,0.03333
23257,432134.9573,27,432135.8573,0.0,0.0,0.03333
23257,432134.9573,28,432135.8907,0.0,0.0,0.03333
23257,432134.9573,29,432135.924,0.0,0.0,0.03333
23257,432134.9573,30,432135.9573,0.0,0.0,0.03333
23257,432134.9573,31,432135.9907,0.0,0.0,0.03333
23258,432134.9573,0,432134.9573,0.0,0.0,0.03333
23258,432134.9573,1,432134.9907,0.0,0.0,0.03333
23258,432134.9573,2,432135.024,0.0,0.0,0.03333
23258,432134.9573,3,432135.0573,0.0,0.0,0.03333
23258,432134.9573,4,432135.0907,0.0,0.0,0.03333
23258,432134.9573,5,432135.124,0.0,0.0,0.03333
23258,432134.9573,6,432135.1573,0.0,0.0,0.03333
23258,432134.9573,7,432135.1907,0.0,0.0,0.03333
23258,432134.9573,8,432135.224,0.0,0.0,0.03333
23258,432134.9573,9,432135.2573,0.0,0.0,0.03333
23258,432134.9573,10,432135.2907,0.0,0.0,0.03333
23258,432134.9573,11,432135.324,0.0,0.0,0.03333
23258,432134.9573,12,432135.3573,0.0,0.0,0.03333
23258,432134.9573,13,432135.3907,0.0,0.0,0.03333
23258,432134.9573,14,432135.424,0.0,0.0,0.03333
23258,432134.9573,15,432135.4573,0.0,0.0,0.03333
23258,432134.9573,16,432135.4907,0.0,0.0,0.03333
23258,432134.9573,17,432135.524,0.0,0.0,0.03333
23258,432134.9573,18,432135.5573,0.0,0.0,0.03333
23258,432134.9573,19,432135.5907,0.0,0.0,0.03333
23258,432134.9573,20,432135.624,0.0,0.0,0.03333
23258,432134.9573,21,432135.6573,0.0,0.0,0.03333
23258,432134.9573,22,432135.6907,0.0,0.0,0.03333
23258,432134.9573,23,432135.724,0.0,0.0,0.03333
23258,432134.9573,24,432135.7573,0.0,0.0,0.03333
23258,432134.9573,25,432135.7907,0.0,0.0,0.03333
23258,432134.9573,26,432135.824,0.0,0.0,0.03333
23258,432134.9573,27,432135.8573,0.0,0.0,0.03333
23258,432134.9573,28,432135.8907,0.0,0.0,0.03333
23258,432134.9573,29,432135.924,0.0,0.0,0.03333
23258,432134.9573,30,432135.9573,0.0,0.0,0.03333
23258,432134.9573,31,432135.9907,0.0,0.0,0.03333
23259,432134.9573,0,432134.9573,0.0,0.0,0.03333
23259,432134.9573,1,432134.9907,0.0,0.0,0.03333
23259,432134.9573,2,432135.024,0.0,0.0,0.03333
23259,432134.9573,3,432135.0573,0.0,0.0,0.03333
23259,432134.9573,4,432135.0907,0.0,0.0,0.03333
23259,432134.9573,5,432135.124,0.0,0.0,0.03333
23259,432134.9573,6,432135.1573,0.0,0.0,0.03333
23259,432134.9573,7,432135.1907,0.0,0.0,0.03333
23259,432134.9573,8,432135.224,0.0,0.0,0.03333
23259,432134.9573,9,432135.2573,0.0,0.0,0.03333
23259,432134.9573,10,432135.2907,0.0,0.0,0.03333
23259,432134.9573,11,432135.324,0.0,0.0,0.03333
23259,432134.9573,12,432135.3573,0.0,0.0,0.03333
23259,432134.9573,13,432135.3907,0.0,0.0,0.03333
23259,432134.9573,14,432135.424,0.0,0.0,0.03333
23259,432134.9573,15,432135.4573,0.0,0.0,0.03333
23259,432134.9573,16,432135.4907,0.0,0.0,0.03333
23259,432134.9573,17,432135.524,0.0,0.0,0.03333
23259,432134.9573,18,432135.5573,0.0,0.0,0.03333
23259,432134.9573,19,432135.5907,0.0,0.0,0.03333
23259,432134.9573,20,432135.624,0.0,0.0,0.03333
23259,432134.9573,21,432135.6573,0.0,0.0,0.03333
23259,432134.9573,22,432135.6907,0.0,0.0,0.03333
23259,432134.9573,23,432135.724,0.0,0.0,0.03333
23259,432134.9573,24,432135.7573,0.0,0.0,0.03333
23259,432134.9573,25,432135.7907,0.0,0.0,0.03333
23259,432134.9573,26,432135.824,0.0,0.0,0.03333
23259,432134.9573,27,432135.8573,0.0,0.0,0.03333
23259,432134.9573,28,432135.8907,0.0,0.0,0.03333
23259,432134.9573,29,432135.924,0.0,0.0,0.03333
23259,432134.9573,30,432135.9573,0.0,0.0,0.03333
23259,432134.9573,31,432135.9907,0.0,0.0,0.03333
23260,432134.9573,0,432134.9573,0.0,0.0,0.03333
23260,432134.9573,1,432134.9907,0.0,0.0,0.03333
23260,432134.9573,2,432135.024,0.0,0.0,0.03333
23260,432134.9573,3,432135.0573,0.0,0.0,0.03333
23260,432134.9573,4,432135.0907,0.0,0.0,0.03333
23260,432134.9573,5,432135.124,0.0,0.0,0.03333
23260,432134.9573,6,432135.1573,0.0,0.0,0.03333
23260,432134.9573,7,432135.1907,0.0,0.0,0.03333
23260,432134.9573,8,432135.224,0.0,0.0,0.03333
23260,432134.9573,9,432135.2573,0.0,0.0,0.03333
23260,432134.9573,10,432135.2907,0.0,0.0,0.03333
23260,432134.9573,11,432135.324,0.0,0.0,0.03333
23260,432134.9573,12,432135.3573,0.0,0.0,0.03333
23260,432134.9573,13,432135.3907,0.0,0.0,0.03333
23260,432134.9573,14,432135.424,0.0,0.0,0.03333
23260,432134.9573,15,432135.4573,0.0,0.0,0.03333
23260,432134.9573,16,432135.4907,0.0,0.0,0.03333
23260,432134.9573,17,432135.524,0.0,0.0,0.03333
23260,432134.9573,18,432135.5573,0.0,0.0,0.03333
23260,432134.9573,19,432135.5907,0.0,0.0,0.03333
23260,432134.9573,20,432135.624,0.0,0.0,0.03333
23260,432134.9573,21,432135.6573,0.0,0.0,0.03333
23260,432134.9573,22,432135.6907,0.0,0.0,0.03333
23260,432134.9573,23,432135.724,0.0,0.0,0.03333
23260,432134.9573,24,432135.7573,0.0,0.0,0.03333
23260,432134.9573,25,432135.7907,0.0,0.0,0.03333
23260,432134.9573,26,432135.824,0.0,0.0,0.03333
23260,432134.9573,27,432135.8573,0.0,0.0,0.03333
23260,432134.9573,28,432135.8907,0.0,0.0,0.03333
23260,432134.9573,29,432135.924,0.0,0.0,0.03333
23260,432134.9573,30,432135.9573,0.0,0.0,0.03333
23260,432134.9573,31,432135.9907,0.0,0.0,0.03333
23261,432134.9573,0,432134.9573,0.0,0.0,0.03333
23261,432134.9573,1,432134.9907,0.0,0.0,0.03333
23261,432134.9573,2,432135.024,0.0,0.0,0.03333
23261,432134.9573,3,432135.0573,0.0,0.0,0.03333
23261,432134.9573,4,432135.0907,0.0,0.0,0.03333
23261,432134.9573,5,432135.124,0.0,0.0,0.03333
23261,432134.9573,6,432135.1573,0.0,0.0,0.03333
23261,432134.9573,7,432135.1907,0.0,0.0,0.03333
23261,432134.9573,8,432135.224,0.0,0.0,0.03333
23261,432134.9573,9,432135.2573,0.0,0.0,0.03333
23261,432134.9573,10,432135.2907,0.0,0.0,0.03333
23261,432134.9573,11,432135.324,0.0,0.0,0.03333
23261,432134.9573,12,432135.3573,0.0,0.0,0.03333
23261,432134.9573,13,432135.3907,0.0,0.0,0.03333
23261,432134.9573,14,432135.424,0.0,0.0,0.03333
23261,432134.9573,15,432135.4573,0.0,0.0,0.03333
23261,432134.9573,16,432135.4907,0.0,0.0,0.03333
23261,432134.9573,17,432135.524,0.0,0.0,0.03333
23261,432134.9573,18,432135.5573,0.0,0.0,0.03333
23261,432134.9573,19,432135.5907,0.0,0.0,0.03333
23261,432134.9573,20,432135.624,0.0,0.0,0.03333
23261,432134.9573,21,432135.6573,0.0,0.0,0.03333
23261,432134.9573,22,432135.6907,0.0,0.0,0.03333
23261,432134.9573,23,432135.724,0.0,0.0,0.03333
23261,432134.9573,24,432135.7573,0.0,0.0,0.03333
23261,432134.9573,25,432135.7907,0.0,0.0,0.03333
23261,432134.9573,26,432135.824,0.0,0.0,0.03333
23261,432134.9573,27,432135.8573,0.0,0.0,0.03333
23261,432134.9573,28,432135.8907,0.0,0.0,0.03333
23261,432134.9573,29,432135.924,0.0,0.0,0.03333
23261,432134.9573,30,432135.9573,0.0,0.0,0.03333
23261,432134.9573,31,432135.9907,0.0,0.0,0.03333
23262,432135.4661,0,432135.4661,0.0,0.0,0.03333
23262,432135.4661,1,432135.4994,0.0,0.0,0.03333
23262,432135.4661,2,432135.5327,0.0,0.0,0.03333
23262,432135.4661,3,432135.5661,0.0,0.0,0.03333
23262,432135.4661,4,432135.5994,0.0,0.0,0.03333
23262,432135.4661,5,432135.6327,0.0,0.0,0.03333
23262,432135.4661,6,432135.6661,0.0,0.0,0.03333
23262,432135.4661,7,432135.6994,0.0,0.0,0.03333
23262,432135.4661,8,432135.7327,0.0,0.0,0.03333
23262,432135.4661,9,432135.7661,0.0,0.0,0.03333
23262,432135.4661,10,432135.7994,0.0,0.0,0.03333
23262,432135.4661,11,432135.8327,0.0,0.0,0.03333
23262,432135.4661,12,432135.8661,0.0,0.0,0.03333
23262,432135.4661,13,432135.8994,0.0,0.0,0.03333
23262,432135.4661,14,432135.9327,0.0,0.0,0.03333
23262,432135.4661,15,432135.9661,0.0,0.0,0.03333
23262,432135.4661,16,432135.9994,0.0,0.0,0.03333
23262,432135.4661,17,432136.0327,0.0,0.0,0.03333
23262,432135.4661,18,432136.0661,0.0,0.0,0.03333
23262,432135.4661,19,432136.0994,0.0,0.0,0.03333
23262,432135.4661,20,432136.1327,0.0,0.0,0.03333
23262,432135.4661,21,432136.1661,0.0,0.0,0.03333
23262,432135.4661,22,432136.1994,0.0,0.0,0.03333
23262,432135.4661,23,432136.2327,0.0,0.0,0.03333
23262,432135.4661,24,432136.2661,0.0,0.0,0.03333
23262,432135.4661,25,432136.2994,0.0,0.0,0.03333
23262,432135.4661,26,432136.3327,0.0,0.0,0.03333
23262,432135.4661,27,432136.3661,0.0,0.0,0.03333
23262,432135.4661,28,432136.3994,0.0,0.0,0.03333
23262,432135.4661,29,432136.4327,0.0,0.0,0.03333
23262,432135.4661,30,432136.4661,0.0,0.0,0.03333
23262,432135.4661,31,432136.4994,0.0,0.0,0.03333
23263,432135.4661,0,432135.4661,0.0,0.0,0.03333
23263,432135.4661,1,432135.4994,0.0,0.0,0.03333
23263,432135.4661,2,432135.5327,0.0,0.0,0.03333
23263,432135.4661,3,432135.5661,0.0,0.0,0.03333
23263,432135.4661,4,432135.5994,0.0,0.0,0.03333
23263,432135.4661,5,432135.6327,0.0,0.0,0.03333
23263,432135.4661,6,432135.6661,0.0,0.0,0.03333
23263,432135.4661,7,432135.6994,0.0,0.0,0.03333
23263,432135.4661,8,432135.7327,0.0,0.0,0.03333
23263,432135.4661,9,432135.7661,0.0,0.0,0.03333
23263,432135.4661,10,432135.7994,0.0,0.0,0.03333
23263,432135.4661,11,432135.8327,0.0,0.0,0.03333
23263,432135.4661,12,432135.8661,0.0,0.0,0.03333
23263,432135.4661,13,432135.8994,0.0,0.0,0.03333
23263,432135.4661,14,432135.9327,0.0,0.0,0.03333
23263,432135.4661,15,432135.9661,0.0,0.0,0.03333
23263,432135.4661,16,432135.9994,0.0,0.0,0.03333
23263,432135.4661,17,432136.0327,0.0,0.0,0.03333
23263,432135.4661,18,432136.0661,0.0,0.0,0.03333
23263,432135.4661,19,432136.0994,0.0,0.0,0.03333
23263,432135.4661,20,432136.1327,0.0,0.0,0.03333
23263,432135.4661,21,432136.1661,0.0,0.0,0.03333
23263,432135.4661,22,432136.1994,0.0,0.0,0.03333
23263,432135.4661,23,432136.2327,0.0,0.0,0.03333
23263,432135.4661,24,432136.2661,0.0,0.0,0.03333
23263,432135.4661,25,432136.2994,0.0,0.0,0.03333
23263,432135.4661,26,432136.3327,0.0,0.0,0.03333
23263,432135.4661,27,432136.3661,0.0,0.0,0.03333
23263,432135.4661,28,432136.3994,0.0,0.0,0.03333
23263,432135.4661,29,432136.4327,0.0,0.0,0.03333
23263,432135.4661,30,432136.4661,0.0,0.0,0.03333
23263,432135.4661,31,432136.4994,0.0,0.0,0.03333
23264,432135.4661,0,432135.4661,0.0,0.0,0.03333
23264,432135.4661,1,432135.4994,0.0,0.0,0.03333
23264,432135.4661,2,432135.5327,0.0,0.0,0.03333
23264,432135.4661,3,432135.5661,0.0,0.0,0.03333
23264,432135.4661,4,432135.5994,0.0,0.0,0.03333
23264,432135.4661,5,432135.6327,0.0,0.0,0.03333
23264,432135.4661,6,432135.6661,0.0,0.0,0.03333
23264,432135.4661,7,432135.6994,0.0,0.0,0.03333
23264,432135.4661,8,432135.7327,0.0,0.0,0.03333
23264,432135.4661,9,432135.7661,0.0,0.0,0.03333
23264,432135.4661,10,432135.7994,0.0,0.0,0.03333
23264,432135.4661,11,432135.8327,0.0,0.0,0.03333
23264,432135.4661,12,432135.8661,0.0,0.0,0.03333
23264,432135.4661,13,432135.8994,0.0,0.0,0.03333
23264,432135.4661,14,432135.9327,0.0,0.0,0.03333
23264,432135.4661,15,432135.9661,0.0,0.0,0.03333
23264,432135.4661,16,432135.9994,0.0,0.0,0.03333
23264,432135.4661,17,432136.0327,0.0,0.0,0.03333
23264,432135.4661,18,432136.0661,0.0,0.0,0.03333
23264,432135.4661,19,432136.0994,0.0,0.0,0.03333
23264,432135.4661,20,432136.1327,0.0,0.0,0.03333
23264,432135.4661,21,432136.1661,0.0,0.0,0.03333
23264,432135.4661,22,432136.1994,0.0,0.0,0.03333
23264,432135.4661,23,432136.2327,0.0,0.0,0.03333
23264,432135.4661,24,432136.2661,0.0,0.0,0.03333
23264,432135.4661,25,432136.2994,0.0,0.0,0.03333
23264,432135.4661,26,432136.3327,0.0,0.0,0.03333
23264,432135.4661,27,432136.3661,0.0,0.0,0.03333
23264,432135.4661,28,432136.3994,0.0,0.0,0.03333
23264,432135.4661,29,432136.4327,0.0,0.0,0.03333
23264,432135.4661,30,432136.4661,0.0,0.0,0.03333
23264,432135.4661,31,432136.4994,0.0,0.0,0.03333
23265,432135.4661,0,432135.4661,0.0,0.0,0.03333
23265,432135.4661,1,432135.4994,0.0,0.0,0.03333
23265,432135.4661,2,432135.5327,0.0,0.0,0.03333
23265,432135.4661,3,432135.5661,0.0,0.0,0.03333
23265,432135.4661,4,432135.5994,0.0,0.0,0.03333
23265,432135.4661,5,432135.6327,0.0,0.0,0.03333
23265,432135.4661,6,432135.6661,0.0,0.0,0.03333
23265,432135.4661,7,432135.6994,0.0,0.0,0.03333
23265,432135.4661,8,432135.7327,0.0,0.0,0.03333
23265,432135.4661,9,432135.7661,0.0,0.0,0.03333
23265,432135.4661,10,432135.7994,0.0,0.0,0.03333
23265,432135.4661,11,432135.8327,0.0,0.0,0.03333
23265,432135.4661,12,432135.8661,0.0,0.0,0.03333
23265,432135.4661,13,432135.8994,0.0,0.0,0.03333
23265,432135.4661,14,432135.9327,0.0,0.0,0.03333
23265,432135.4661,15,432135.9661,0.0,0.0,0.03333
23265,432135.4661,16,432135.9994,0.0,0.0,0.03333
23265,432135.4661,17,432136.0327,0.0,0.0,0.03333
23265,432135.4661,18,432136.0661,0.0,0.0,0.03333
23265,432135.4661,19,432136.0994,0.0,0.0,0.03333
23265,432135.4661,20,432136.1327,0.0,0.0,0.03333
23265,432135.4661,21,432136.1661,0.0,0.0,0.03333
23265,432135.4661,22,432136.1994,0.0,0.0,0.03333
23265,432135.4661,23,432136.2327,0.0,0.0,0.03333
23265,432135.4661,24,432136.2661,0.0,0.0,0.03333
23265,432135.4661,25,432136.2994,0.0,0.0,0.03333
23265,432135.4661,26,432136.3327,0.0,0.0,0.03333
23265,432135.4661,27,432136.3661,0.0,0.0,0.03333
23265,432135.4661,28,432136.3994,0.0,0.0,0.03333
23265,432135.4661,29,432136.4327,0.0,0.0,0.03333
23265,432135.4661,30,432136.4661,0.0,0.0,0.03333
23265,432135.4661,31,432136.4994,0.0,0.0,0.03333
23266,432135.4661,0,432135.4661,0.0,0.0,0.03333
23266,432135.4661,1,432135.4994,0.0,0.0,0.03333
23266,432135.4661,2,432135.5327,0.0,0.0,0.03333
23266,432135.4661,3,432135.5661,0.0,0.0,0.03333
23266,432135.4661,4,432135.5994,0.0,0.0,0.03333
23266,432135.4661,5,432135.6327,0.0,0.0,0.03333
23266,432135.4661,6,432135.6661,0.0,0.0,0.03333
23266,432135.4661,7,432135.6994,0.0,0.0,0.03333
23266,432135.4661,8,432135.7327,0.0,0.0,0.03333
23266,432135.4661,9,432135.7661,0.0,0.0,0.03333
23266,432135.4661,10,432135.7994,0.0,0.0,0.03333
23266,432135.4661,11,432135.8327,0.0,0.0,0.03333
23266,432135.4661,12,432135.8661,0.0,0.0,0.03333
23266,432135.4661,13,432135.8994,0.0,0.0,0.03333
23266,432135.4661,14,432135.9327,0.0,0.0,0.03333
23266,432135.4661,15,432135.9661,0.0,0.0,0.03333
23266,432135.4661,16,432135.9994,0.0,0.0,0.03333
23266,432135.4661,17,432136.0327,0.0,0.0,0.03333
23266,432135.4661,18,432136.0661,0.0,0.0,0.03333
23266,432135.4661,19,432136.0994,0.0,0.0,0.03333
23266,432135.4661,20,432136.1327,0.0,0.0,0.03333
23266,432135.4661,21,432136.1661,0.0,0.0,0.03333
23266,432135.4661,22,432136.1994,0.0,0.0,0.03333
23266,432135.4661,23,432136.2327,0.0,0.0,0.03333
23266,432135.4661,24,432136.2661,0.0,0.0,0.03333
23266,432135.4661,25,432136.2994,0.0,0.0,0.03333
23266,432135.4661,26,432136.3327,0.0,0.0,0.03333
23266,432135.4661,27,432136.3661,0.0,0.0,0.03333
23266,432135.4661,28,432136.3994,0.0,0.0,0.03333
23266,432135.4661,29,432136.4327,0.0,0.0,0.03333
23266,432135.4661,30,432136.4661,0.0,0.0,0.03333
23266,432135.4661,31,432136.4994,0.0,0.0,0.03333
23267,432135.9756,0,432135.9756,0.0,0.0,0.03333
23267,432135.9756,1,432136.0089,0.0,0.0,0.03333
23267,432135.9756,2,432136.0422,0.0,0.0,0.03333
23267,432135.9756,3,432136.0756,0.0,0.0,0.03333
23267,432135.9756,4,432136.1089,0.0,0.0,0.03333
23267,432135.9756,5,432136.1422,0.0,0.0,0.03333
23267,432135.9756,6,432136.1756,0.0,0.0,0.03333
23267,432135.9756,7,432136.2089,0.0,0.0,0.03333
23267,432135.9756,8,432136.2422,0.0,0.0,0.03333
23267,432135.9756,9,432136.2756,0.0,0.0,0.03333
23267,432135.9756,10,432136.3089,0.0,0.0,0.03333
23267,432135.9756,11,432136.3422,0.0,0.0,0.03333
23267,432135.9756,12,432136.3756,0.0,0.0,0.03333
23267,432135.9756,13,432136.4089,0.0,0.0,0.03333
23267,432135.9756,14,432136.4422,0.0,0.0,0.03333
23267,432135.9756,15,432136.4756,0.0,0.0,0.03333
23267,432135.9756,16,432136.5089,0.0,0.0,0.03333
23267,432135.9756,17,432136.5422,0.0,0.0,0.03333
23267,432135.9756,18,432136.5756,0.0,0.0,0.03333
23267,432135.9756,19,432136.6089,0.0,0.0,0.03333
23267,432135.9756,20,432136.6422,0.0,0.0,0.03333
23267,432135.9756,21,432136.6756,0.0,0.0,0.03333
23267,432135.9756,22,432136.7089,0.0,0.0,0.03333
23267,432135.9756,23,432136.7422,0.0,0.0,0.03333
23267,432135.9756,24,432136.7756,0.0,0.0,0.03333
23267,432135.9756,25,432136.8089,0.0,0.0,0.03333
23267,432135.9756,26,432136.8422,0.0,0.0,0.03333
23267,432135.9756,27,432136.8756,0.0,0.0,0.03333
23267,432135.9756,28,432136.9089,0.0,0.0,0.03333
23267,432135.9756,29,432136.9422,0.0,0.0,0.03333
23267,432135.9756,30,432136.9756,0.0,0.0,0.03333
23267,432135.9756,31,432137.0089,0.0,0.0,0.03333
23268,432135.9756,0,432135.9756,0.0,0.0,0.03333
23268,432135.9756,1,432136.0089,0.0,0.0,0.03333
23268,432135.9756,2,432136.0422,0.0,0.0,0.03333
23268,432135.9756,3,432136.0756,0.0,0.0,0.03333
23268,432135.9756,4,432136.1089,0.0,0.0,0.03333
23268,432135.9756,5,432136.1422,0.0,0.0,0.03333
23268,432135.9756,6,432136.1756,0.0,0.0,0.03333
23268,432135.9756,7,432136.2089,0.0,0.0,0.03333
23268,432135.9756,8,432136.2422,0.0,0.0,0.03333
23268,432135.9756,9,432136.2756,0.0,0.0,0.03333
23268,432135.9756,10,432136.3089,0.0,0.0,0.03333
23268,432135.9756,11,432136.3422,0.0,0.0,0.03333
23268,432135.9756,12,432136.3756,0.0,0.0,0.03333
23268,432135.9756,13,432136.4089,0.0,0.0,0.03333
23268,432135.9756,14,432136.4422,0.0,0.0,0.03333
23268,432135.9756,15,432136.4756,0.0,0.0,0.03333
23268,432135.9756,16,432136.5089,0.0,0.0,0.03333
23268,432135.9756,17,432136.5422,0.0,0.0,0.03333
23268,432135.9756,18,432136.5756,0.0,0.0,0.03333
23268,432135.9756,19,432136.6089,0.0,0.0,0.03333
23268,432135.9756,20,432136.6422,0.0,0.0,0.03333
23268,432135.9756,21,432136.6756,0.0,0.0,0.03333
23268,432135.9756,22,432136.7089,0.0,0.0,0.03333
23268,432135.9756,23,432136.7422,0.0,0.0,0.03333
23268,432135.9756,24,432136.7756,0.0,0.0,0.03333
23268,432135.9756,25,432136.8089,0.0,0.0,0.03333
23268,432135.9756,26,432136.8422,0.0,0.0,0.03333
23268,432135.9756,27,432136.8756,0.0,0.0,0.03333
23268,432135.9756,28,432136.9089,0.0,0.0,0.03333
23268,432135.9756,29,432136.9422,0.0,0.0,0.03333
23268,432135.9756,30,432136.9756,0.0,0.0,0.03333
23268,432135.9756,31,432137.0089,0.0,0.0,0.03333
23269,432135.9756,0,432135.9756,0.0,0.0,0.03333
23269,432135.9756,1,432136.0089,0.0,0.0,0.03333
23269,432135.9756,2,432136.0422,0.0,0.0,0.03333
23269,432135.9756,3,432136.0756,0.0,0.0,0.03333
23269,432135.9756,4,432136.1089,0.0,0.0,0.03333
23269,432135.9756,5,432136.1422,0.0,0.0,0.03333
23269,432135.9756,6,432136.1756,0.0,0.0,0.03333
23269,432135.9756,7,432136.2089,0.0,0.0,0.03333
23269,432135.9756,8,432136.2422,0.0,0.0,0.03333
23269,432135.9756,9,432136.2756,0.0,0.0,0.03333
23269,432135.9756,10,432136.3089,0.0,0.0,0.03333
23269,432135.9756,11,432136.3422,0.0,0.0,0.03333
23269,432135.9756,12,432136.3756,0.0,0.0,0.03333
23269,432135.9756,13,432136.4089,0.0,0.0,0.03333
23269,432135.9756,14,432136.4422,0.0,0.0,0.03333
23269,432135.9756,15,432136.4756,0.0,0.0,0.03333
23269,432135.9756,16,432136.5089,0.0,0.0,0.03333
23269,432135.9756,17,432136.5422,0.0,0.0,0.03333
23269,432135.9756,18,432136.5756,0.0,0.0,0.03333
23269,432135.9756,19,432136.6089,0.0,0.0,0.03333
23269,432135.9756,20,432136.6422,0.0,0.0,0.03333
23269,432135.9756,21,432136.6756,0.0,0.0,0.03333
23269,432135.9756,22,432136.7089,0.0,0.0,0.03333
23269,432135.9756,23,432136.7422,0.0,0.0,0.03333
23269,432135.9756,24,432136.7756,0.0,0.0,0.03333
23269,432135.9756,25,432136.8089,0.0,0.0,0.03333
23269,432135.9756,26,432136.8422,0.0,0.0,0.03333
23269,432135.9756,27,432136.8756,0.0,0.0,0.03333
23269,432135.9756,28,432136.9089,0.0,0.0,0.03333
23269,432135.9756,29,432136.9422,0.0,0.0,0.03333
23269,432135.9756,30,432136.9756,0.0,0.0,0.03333
23269,432135.9756,31,432137.0089,0.0,0.0,0.03333
23270,432135.9756,0,432135.9756,0.0,0.0,0.03333
23270,432135.9756,1,432136.0089,0.0,0.0,0.03333
23270,432135.9756,2,432136.0422,0.0,0.0,0.03333
23270,432135.9756,3,432136.0756,0.0,0.0,0.03333
23270,432135.9756,4,432136.1089,0.0,0.0,0.03333
23270,432135.9756,5,432136.1422,0.0,0.0,0.03333
23270,432135.9756,6,432136.1756,0.0,0.0,0.03333
23270,432135.9756,7,432136.2089,0.0,0.0,0.03333
23270,432135.9756,8,432136.2422,0.0,0.0,0.03333
23270,432135.9756,9,432136.2756,0.0,0.0,0.03333
23270,432135.9756,10,432136.3089,0.0,0.0,0.03333
23270,432135.9756,11,432136.3422,0.0,0.0,0.03333
23270,432135.9756,12,432136.3756,0.0,0.0,0.03333
23270,432135.9756,13,432136.4089,0.0,0.0,0.03333
23270,432135.9756,14,432136.4422,0.0,0.0,0.03333
23270,432135.9756,15,432136.4756,0.0,0.0,0.03333
23270,432135.9756,16,432136.5089,0.0,0.0,0.03333
23270,432135.9756,17,432136.5422,0.0,0.0,0.03333
23270,432135.9756,18,432136.5756,0.0,0.0,0.03333
23270,432135.9756,19,432136.6089,0.0,0.0,0.03333
23270,432135.9756,20,432136.6422,0.0,0.0,0.03333
23270,432135.9756,21,432136.6756,0.0,0.0,0.03333
23270,432135.9756,22,432136.7089,0.0,0.0,0.03333
23270,432135.9756,23,432136.7422,0.0,0.0,0.03333
23270,432135.9756,24,432136.7756,0.0,0.0,0.03333
23270,432135.9756,25,432136.8089,0.0,0.0,0.03333
23270,432135.9756,26,432136.8422,0.0,0.0,0.03333
23270,432135.9756,27,432136.8756,0.0,0.0,0.03333
23270,432135.9756,28,432136.9089,0.0,0.0,0.03333
23270,432135.9756,29,432136.9422,0.0,0.0,0.03333
23270,432135.9756,30,432136.9756,0.0,0.0,0.03333
23270,432135.9756,31,432137.0089,0.0,0.0,0.03333
23271,432136.3806,0,432136.3806,0.0,0.0,0.03333
23271,432136.3806,1,432136.4139,0.0,0.0,0.03333
23271,432136.3806,2,432136.4472,0.0,0.0,0.03333
23271,432136.3806,3,432136.4806,0.0,0.0,0.03333
23271,432136.3806,4,432136.5139,0.0,0.0,0.03333
23271,432136.3806,5,432136.5472,0.0,0.0,0.03333
23271,432136.3806,6,432136.5806,0.0,0.0,0.03333
23271,432136.3806,7,432136.6139,0.0,0.0,0.03333
23271,432136.3806,8,432136.6472,0.0,0.0,0.03333
23271,432136.3806,9,432136.6806,0.0,0.0,0.03333
23271,432136.3806,10,432136.7139,0.0,0.0,0.03333
23271,432136.3806,11,432136.7472,0.0,0.0,0.03333
23271,432136.3806,12,432136.7806,0.0,0.0,0.03333
23271,432136.3806,13,432136.8139,0.0,0.0,0.03333
23271,432136.3806,14,432136.8472,0.0,0.0,0.03333
23271,432136.3806,15,432136.8806,0.0,0.0,0.03333
23271,432136.3806,16,432136.9139,0.0,0.0,0.03333
23271,432136.3806,17,432136.9472,0.0,0.0,0.03333
23271,432136.3806,18,432136.9806,0.0,0.0,0.03333
23271,432136.3806,19,432137.0139,0.0,0.0,0.03333
23271,432136.3806,20,432137.0472,0.0,0.0,0.03333
23271,432136.3806,21,432137.0806,0.0,0.0,0.03333
23271,432136.3806,22,432137.1139,0.0,0.0,0.03333
23271,432136.3806,23,432137.1472,0.0,0.0,0.03333
23271,432136.3806,24,432137.1806,0.0,0.0,0.03333
23271,432136.3806,25,432137.2139,0.0,0.0,0.03333
23271,432136.3806,26,432137.2472,0.0,0.0,0.03333
23271,432136.3806,27,432137.2806,0.0,0.0,0.03333
23271,432136.3806,28,432137.3139,0.0,0.0,0.03333
23271,432136.3806,29,432137.3472,0.0,0.0,0.03333
23271,432136.3806,30,432137.3806,0.0,0.0,0.03333
23271,432136.3806,31,432137.4139,0.0,0.0,0.03333
23272,432136.3806,0,432136.3806,0.0,0.0,0.03333
23272,432136.3806,1,432136.4139,0.0,0.0,0.03333
23272,432136.3806,2,432136.4472,0.0,0.0,0.03333
23272,432136.3806,3,432136.4806,0.0,0.0,0.03333
23272,432136.3806,4,432136.5139,0.0,0.0,0.03333
23272,432136.3806,5,432136.5472,0.0,0.0,0.03333
23272,432136.3806,6,432136.5806,0.0,0.0,0.03333
23272,432136.3806,7,432136.6139,0.0,0.0,0.03333
23272,432136.3806,8,432136.6472,0.0,0.0,0.03333
23272,432136.3806,9,432136.6806,0.0,0.0,0.03333
23272,432136.3806,10,432136.7139,0.0,0.0,0.03333
23272,432136.3806,11,432136.7472,0.0,0.0,0.03333
23272,432136.3806,12,432136.7806,0.0,0.0,0.03333
23272,432136.3806,13,432136.8139,0.0,0.0,0.03333
23272,432136.3806,14,432136.8472,0.0,0.0,0.03333
23272,432136.3806,15,432136.8806,0.0,0.0,0.03333
23272,432136.3806,16,432136.9139,0.0,0.0,0.03333
23272,432136.3806,17,432136.9472,0.0,0.0,0.03333
23272,432136.3806,18,432136.9806,0.0,0.0,0.03333
23272,432136.3806,19,432137.0139,0.0,0.0,0.03333
23272,432136.3806,20,432137.0472,0.0,0.0,0.03333
23272,432136.3806,21,432137.0806,0.0,0.0,0.03333
23272,432136.3806,22,432137.1139,0.0,0.0,0.03333
23272,432136.3806,23,432137.1472,0.0,0.0,0.03333
23272,432136.3806,24,432137.1806,0.0,0.0,0.03333
23272,432136.3806,25,432137.2139,0.0,0.0,0.03333
23272,432136.3806,26,432137.2472,0.0,0.0,0.03333
23272,432136.3806,27,432137.2806,0.0,0.0,0.03333
23272,432136.3806,28,432137.3139,0.0,0.0,0.03333
23272,432136.3806,29,432137.3472,0.0,0.0,0.03333
23272,432136.3806,30,432137.3806,0.0,0.0,0.03333
23272,432136.3806,31,432137.4139,0.0,0.0,0.03333
23273,432136.3806,0,432136.3806,0.0,0.0,0.03333
23273,432136.3806,1,432136.4139,0.0,0.0,0.03333
23273,432136.3806,2,432136.4472,0.0,0.0,0.03333
23273,432136.3806,3,432136.4806,0.0,0.0,0.03333
23273,432136.3806,4,432136.5139,0.0,0.0,0.03333
23273,432136.3806,5,432136.5472,0.0,0.0,0.03333
23273,432136.3806,6,432136.5806,0.0,0.0,0.03333
23273,432136.3806,7,432136.6139,0.0,0.0,0.03333
23273,432136.3806,8,432136.6472,0.0,0.0,0.03333
23273,432136.3806,9,432136.6806,0.0,0.0,0.03333
23273,432136.3806,10,432136.7139,0.0,0.0,0.03333
23273,432136.3806,11,432136.7472,0.0,0.0,0.03333
23273,432136.3806,12,432136.7806,0.0,0.0,0.03333
23273,432136.3806,13,432136.8139,0.0,0.0,0.03333
23273,432136.3806,14,432136.8472,0.0,0.0,0.03333
23273,432136.3806,15,432136.8806,0.0,0.0,0.03333
23273,432136.3806,16,432136.9139,0.0,0.0,0.03333
23273,432136.3806,17,432136.9472,0.0,0.0,0.03333
23273,432136.3806,18,432136.9806,0.0,0.0,0.03333
23273,432136.3806,19,432137.0139,0.0,0.0,0.03333
23273,432136.3806,20,432137.0472,0.0,0.0,0.03333
23273,432136.3806,21,432137.0806,0.0,0.0,0.03333
23273,432136.3806,22,432137.1139,0.0,0.0,0.03333
23273,432136.3806,23,432137.1472,0.0,0.0,0.03333
23273,432136.3806,24,432137.1806,0.0,0.0,0.03333
23273,432136.3806,25,432137.2139,0.0,0.0,0.03333
23273,432136.3806,26,432137.2472,0.0,0.0,0.03333
23273,432136.3806,27,432137.2806,0.0,0.0,0.03333
23273,432136.3806,28,432137.3139,0.0,0.0,0.03333
23273,432136.3806,29,432137.3472,0.0,0.0,0.03333
23273,432136.3806,30,432137.3806,0.0,0.0,0.03333
23273,432136.3806,31,432137.4139,0.0,0.0,0.03333
23274,432136.6865,0,432136.6865,0.0,0.0,0.03333
23274,432136.6865,1,432136.7199,0.0,0.0,0.03333
23274,432136.6865,2,432136.7532,0.0,0.0,0.03333
23274,432136.6865,3,432136.7865,0.0,0.0,0.03333
23274,432136.6865,4,432136.8199,0.0,0.0,0.03333
23274,432136.6865,5,432136.8532,0.0,0.0,0.03333
23274,432136.6865,6,432136.8865,0.0,0.0,0.03333
23274,432136.6865,7,432136.9199,0.0,0.0,0.03333
23274,432136.6865,8,432136.9532,0.0,0.0,0.03333
23274,432136.6865,9,432136.9865,0.0,0.0,0.03333
23274,432136.6865,10,432137.0199,0.0,0.0,0.03333
23274,432136.6865,11,432137.0532,0.0,0.0,0.03333
23274,432136.6865,12,432137.0865,0.0,0.0,0.03333
23274,432136.6865,13,432137.1199,0.0,0.0,0.03333
23274,432136.6865,14,432137.1532,0.0,0.0,0.03333
23274,432136.6865,15,432137.1865,0.0,0.0,0.03333
23274,432136.6865,16,432137.2199,0.0,0.0,0.03333
23274,432136.6865,17,432137.2532,0.0,0.0,0.03333
23274,432136.6865,18,432137.2865,0.0,0.0,0.03333
23274,432136.6865,19,432137.3199,0.0,0.0,0.03333
23274,432136.6865,20,432137.3532,0.0,0.0,0.03333
23274,432136.6865,21,432137.3865,0.0,0.0,0.03333
23274,432136.6865,22,432137.4199,0.0,0.0,0.03333
23274,432136.6865,23,432137.4532,0.0,0.0,0.03333
23274,432136.6865,24,432137.4865,0.0,0.0,0.03333
23274,432136.6865,25,432137.5199,0.0,0.0,0.03333
23274,432136.6865,26,432137.5532,0.0,0.0,0.03333
23274,432136.6865,27,432137.5865,0.0,0.0,0.03333
23274,432136.6865,28,432137.6199,0.0,0.0,0.03333
23274,432136.6865,29,432137.6532,0.0,0.0,0.03333
23274,432136.6865,30,432137.6865,0.0,0.0,0.03333
23274,432136.6865,31,432137.7199,0.0,0.0,0.03333
23275,432136.6865,0,432136.6865,0.0,0.0,0.03333
23275,432136.6865,1,432136.7199,0.0,0.0,0.03333
23275,432136.6865,2,432136.7532,0.0,0.0,0.03333
23275,432136.6865,3,432136.7865,0.0,0.0,0.03333
23275,432136.6865,4,432136.8199,0.0,0.0,0.03333
23275,432136.6865,5,432136.8532,0.0,0.0,0.03333
23275,432136.6865,6,432136.8865,0.0,0.0,0.03333
23275,432136.6865,7,432136.9199,0.0,0.0,0.03333
23275,432136.6865,8,432136.9532,0.0,0.0,0.03333
23275,432136.6865,9,432136.9865,0.0,0.0,0.03333
23275,432136.6865,10,432137.0199,0.0,0.0,0.03333
23275,432136.6865,11,432137.0532,0.0,0.0,0.03333
23275,432136.6865,12,432137.0865,0.0,0.0,0.03333
23275,432136.6865,13,432137.1199,0.0,0.0,0.03333
23275,432136.6865,14,432137.1532,0.0,0.0,0.03333
23275,432136.6865,15,432137.1865,0.0,0.0,0.03333
23275,432136.6865,16,432137.2199,0.0,0.0,0.03333
23275,432136.6865,17,432137.2532,0.0,0.0,0.03333
23275,432136.6865,18,432137.2865,0.0,0.0,0.03333
23275,432136.6865,19,432137.3199,0.0,0.0,0.03333
23275,432136.6865,20,432137.3532,0.0,0.0,0.03333
23275,432136.6865,21,432137.3865,0.0,0.0,0.03333
23275,432136.6865,22,432137.4199,0.0,0.0,0.03333
23275,432136.6865,23,432137.4532,0.0,0.0,0.03333
23275,432136.6865,24,432137.4865,0.0,0.0,0.03333
23275,432136.6865,25,432137.5199,0.0,0.0,0.03333
23275,432136.6865,26,432137.5532,0.0,0.0,0.03333
23275,432136.6865,27,432137.5865,0.0,0.0,0.03333
23275,432136.6865,28,432137.6199,0.0,0.0,0.03333
23275,432136.6865,29,432137.6532,0.0,0.0,0.03333
23275,432136.6865,30,432137.6865,0.0,0.0,0.03333
23275,432136.6865,31,432137.7199,0.0,0.0,0.03333
23276,432136.6865,0,432136.6865,0.0,0.0,0.03333
23276,432136.6865,1,432136.7199,0.0,0.0,0.03333
23276,432136.6865,2,432136.7532,0.0,0.0,0.03333
23276,432136.6865,3,432136.7865,0.0,0.0,0.03333
23276,432136.6865,4,432136.8199,0.0,0.0,0.03333
23276,432136.6865,5,432136.8532,0.0,0.0,0.03333
23276,432136.6865,6,432136.8865,0.0,0.0,0.03333
23276,432136.6865,7,432136.9199,0.0,0.0,0.03333
23276,432136.6865,8,432136.9532,0.0,0.0,0.03333
23276,432136.6865,9,432136.9865,0.0,0.0,0.03333
23276,432136.6865,10,432137.0199,0.0,0.0,0.03333
23276,432136.6865,11,432137.0532,0.0,0.0,0.03333
23276,432136.6865,12,432137.0865,0.0,0.0,0.03333
23276,432136.6865,13,432137.1199,0.0,0.0,0.03333
23276,432136.6865,14,432137.1532,0.0,0.0,0.03333
23276,432136.6865,15,432137.1865,0.0,0.0,0.03333
23276,432136.6865,16,432137.2199,0.0,0.0,0.03333
23276,432136.6865,17,432137.2532,0.0,0.0,0.03333
23276,432136.6865,18,432137.2865,0.0,0.0,0.03333
23276,432136.6865,19,432137.3199,0.0,0.0,0.03333
23276,432136.6865,20,432137.3532,0.0,0.0,0.03333
23276,432136.6865,21,432137.3865,0.0,0.0,0.03333
23276,432136.6865,22,432137.4199,0.0,0.0,0.03333
23276,432136.6865,23,432137.4532,0.0,0.0,0.03333
23276,432136.6865,24,432137.4865,0.0,0.0,0.03333
23276,432136.6865,25,432137.5199,0.0,0.0,0.03333
23276,432136.6865,26,432137.5532,0.0,0.0,0.03333
23276,432136.6865,27,432137.5865,0.0,0.0,0.03333
23276,432136.6865,28,432137.6199,0.0,0.0,0.03333
23276,432136.6865,29,432137.6532,0.0,0.0,0.03333
23276,432136.6865,30,432137.6865,0.0,0.0,0.03333
23276,432136.6865,31,432137.7199,0.0,0.0,0.03333
23277,432136.6865,0,432136.6865,0.0,0.0,0.03333
23277,432136.6865,1,432136.7199,0.0,0.0,0.03333
23277,432136.6865,2,432136.7532,0.0,0.0,0.03333
23277,432136.6865,3,432136.7865,0.0,0.0,0.03333
23277,432136.6865,4,432136.8199,0.0,0.0,0.03333
23277,432136.6865,5,432136.8532,0.0,0.0,0.03333
23277,432136.6865,6,432136.8865,0.0,0.0,0.03333
23277,432136.6865,7,432136.9199,0.0,0.0,0.03333
23277,432136.6865,8,432136.9532,0.0,0.0,0.03333
23277,432136.6865,9,432136.9865,0.0,0.0,0.03333
23277,432136.6865,10,432137.0199,0.0,0.0,0.03333
23277,432136.6865,11,432137.0532,0.0,0.0,0.03333
23277,432136.6865,12,432137.0865,0.0,0.0,0.03333
23277,432136.6865,13,432137.1199,0.0,0.0,0.03333
23277,432136.6865,14,432137.1532,0.0,0.0,0.03333
23277,432136.6865,15,432137.1865,0.0,0.0,0.03333
23277,432136.6865,16,432137.2199,0.0,0.0,0.03333
23277,432136.6865,17,432137.2532,0.0,0.0,0.03333
23277,432136.6865,18,432137.2865,0.0,0.0,0.03333
23277,432136.6865,19,432137.3199,0.0,0.0,0.03333
23277,432136.6865,20,432137.3532,0.0,0.0,0.03333
23277,432136.6865,21,432137.3865,0.0,0.0,0.03333
23277,432136.6865,22,432137.4199,0.0,0.0,0.03333
23277,432136.6865,23,432137.4532,0.0,0.0,0.03333
23277,432136.6865,24,432137.4865,0.0,0.0,0.03333
23277,432136.6865,25,432137.5199,0.0,0.0,0.03333
23277,432136.6865,26,432137.5532,0.0,0.0,0.03333
23277,432136.6865,27,432137.5865,0.0,0.0,0.03333
23277,432136.6865,28,432137.6199,0.0,0.0,0.03333
23277,432136.6865,29,432137.6532,0.0,0.0,0.03333
23277,432136.6865,30,432137.6865,0.0,0.0,0.03333
23277,432136.6865,31,432137.7199,0.0,0.0,0.03333
23278,432137.0925,0,432137.0925,0.0,0.0,0.03333
23278,432137.0925,1,432137.1258,0.0,0.0,0.03333
23278,432137.0925,2,432137.1591,0.0,0.0,0.03333
23278,432137.0925,3,432137.1925,0.0,0.0,0.03333
23278,432137.0925,4,432137.2258,0.0,0.0,0.03333
23278,432137.0925,5,432137.2591,0.0,0.0,0.03333
23278,432137.0925,6,432137.2925,0.0,0.0,0.03333
23278,432137.0925,7,432137.3258,0.0,0.0,0.03333
23278,432137.0925,8,432137.3591,0.0,0.0,0.03333
23278,432137.0925,9,432137.3925,0.0,0.0,0.03333
23278,432137.0925,10,432137.4258,0.0,0.0,0.03333
23278,432137.0925,11,432137.4591,0.0,0.0,0.03333
23278,432137.0925,12,432137.4925,0.0,0.0,0.03333
23278,432137.0925,13,432137.5258,0.0,0.0,0.03333
23278,432137.0925,14,432137.5591,0.0,0.0,0.03333
23278,432137.0925,15,432137.5925,0.0,0.0,0.03333
23278,432137.0925,16,432137.6258,0.0,0.0,0.03333
23278,432137.0925,17,432137.6591,0.0,0.0,0.03333
23278,432137.0925,18,432137.6925,0.0,0.0,0.03333
23278,432137.0925,19,432137.7258,0.0,0.0,0.03333
23278,432137.0925,20,432137.7591,0.0,0.0,0.03333
23278,432137.0925,21,432137.7925,0.0,0.0,0.03333
23278,432137.0925,22,432137.8258,0.0,0.0,0.03333
23278,432137.0925,23,432137.8591,0.0,0.0,0.03333
23278,432137.0925,24,432137.8925,0.0,0.0,0.03333
23278,432137.0925,25,432137.9258,0.0,0.0,0.03333
23278,432137.0925,26,432137.9591,0.0,0.0,0.03333
23278,432137.0925,27,432137.9925,0.0,0.0,0.03333
23278,432137.0925,28,432138.0258,0.0,0.0,0.03333
23278,432137.0925,29,432138.0591,0.0,0.0,0.03333
23278,432137.0925,30,432138.0925,0.0,0.0,0.03333
23278,432137.0925,31,432138.1258,0.0,0.0,0.03333
23279,432137.0925,0,432137.0925,0.0,0.0,0.03333
23279,432137.0925,1,432137.1258,0.0,0.0,0.03333
23279,432137.0925,2,432137.1591,0.0,0.0,0.03333
23279,432137.0925,3,432137.1925,0.0,0.0,0.03333
23279,432137.0925,4,432137.2258,0.0,0.0,0.03333
23279,432137.0925,5,432137.2591,0.0,0.0,0.03333
23279,432137.0925,6,432137.2925,0.0,0.0,0.03333
23279,432137.0925,7,432137.3258,0.0,0.0,0.03333
23279,432137.0925,8,432137.3591,0.0,0.0,0.03333
23279,432137.0925,9,432137.3925,0.0,0.0,0.03333
23279,432137.0925,10,432137.4258,0.0,0.0,0.03333
23279,432137.0925,11,432137.4591,0.0,0.0,0.03333
23279,432137.0925,12,432137.4925,0.0,0.0,0.03333
23279,432137.0925,13,432137.5258,0.0,0.0,0.03333
23279,432137.0925,14,432137.5591,0.0,0.0,0.03333
23279,432137.0925,15,432137.5925,0.0,0.0,0.03333
23279,432137.0925,16,432137.6258,0.0,0.0,0.03333
23279,432137.0925,17,432137.6591,0.0,0.0,0.03333
23279,432137.0925,18,432137.6925,0.0,0.0,0.03333
23279,432137.0925,19,432137.7258,0.0,0.0,0.03333
23279,432137.0925,20,432137.7591,0.0,0.0,0.03333
23279,432137.0925,21,432137.7925,0.0,0.0,0.03333
23279,432137.0925,22,432137.8258,0.0,0.0,0.03333
23279,432137.0925,23,432137.8591,0.0,0.0,0.03333
23279,432137.0925,24,432137.8925,0.0,0.0,0.03333
23279,432137.0925,25,432137.9258,0.0,0.0,0.03333
23279,432137.0925,26,432137.9591,0.0,0.0,0.03333
23279,432137.0925,27,432137.9925,0.0,0.0,0.03333
23279,432137.0925,28,432138.0258,0.0,0.0,0.03333
23279,432137.0925,29,432138.0591,0.0,0.0,0.03333
23279,432137.0925,30,432138.0925,0.0,0.0,0.03333
23279,432137.0925,31,432138.1258,0.0,0.0,0.03333
23280,432137.0925,0,432137.0925,0.0,0.0,0.03333
23280,432137.0925,1,432137.1258,0.0,0.0,0.03333
23280,432137.0925,2,432137.1591,0.0,0.0,0.03333
23280,432137.0925,3,432137.1925,0.0,0.0,0.03333
23280,432137.0925,4,432137.2258,0.0,0.0,0.03333
23280,432137.0925,5,432137.2591,0.0,0.0,0.03333
23280,432137.0925,6,432137.2925,0.0,0.0,0.03333
23280,432137.0925,7,432137.3258,0.0,0.0,0.03333
23280,432137.0925,8,432137.3591,0.0,0.0,0.03333
23280,432137.0925,9,432137.3925,0.0,0.0,0.03333
23280,432137.0925,10,432137.4258,0.0,0.0,0.03333
23280,432137.0925,11,432137.4591,0.0,0.0,0.03333
23280,432137.0925,12,432137.4925,0.0,0.0,0.03333
23280,432137.0925,13,432137.5258,0.0,0.0,0.03333
23280,432137.0925,14,432137.5591,0.0,0.0,0.03333
23280,432137.0925,15,432137.5925,0.0,0.0,0.03333
23280,432137.0925,16,432137.6258,0.0,0.0,0.03333
23280,432137.0925,17,432137.6591,0.0,0.0,0.03333
23280,432137.0925,18,432137.6925,0.0,0.0,0.03333
23280,432137.0925,19,432137.7258,0.0,0.0,0.03333
23280,432137.0925,20,432137.7591,0.0,0.0,0.03333
23280,432137.0925,21,432137.7925,0.0,0.0,0.03333
23280,432137.0925,22,432137.8258,0.0,0.0,0.03333
23280,432137.0925,23,432137.8591,0.0,0.0,0.03333
23280,432137.0925,24,432137.8925,0.0,0.0,0.03333
23280,432137.0925,25,432137.9258,0.0,0.0,0.03333
23280,432137.0925,26,432137.9591,0.0,0.0,0.03333
23280,432137.0925,27,432137.9925,0.0,0.0,0.03333
23280,432137.0925,28,432138.0258,0.0,0.0,0.03333
23280,432137.0925,29,432138.0591,0.0,0.0,0.03333
23280,432137.0925,30,432138.0925,0.0,0.0,0.03333
23280,432137.0925,31,432138.1258,0.0,0.0,0.03333
23281,432137.0925,0,432137.0925,0.0,0.0,0.03333
23281,432137.0925,1,432137.1258,0.0,0.0,0.03333
23281,432137.0925,2,432137.1591,0.0,0.0,0.03333
23281,432137.0925,3,432137.1925,0.0,0.0,0.03333
23281,432137.0925,4,432137.2258,0.0,0.0,0.03333
23281,432137.0925,5,432137.2591,0.0,0.0,0.03333
23281,432137.0925,6,432137.2925,0.0,0.0,0.03333
23281,432137.0925,7,432137.3258,0.0,0.0,0.03333
23281,432137.0925,8,432137.3591,0.0,0.0,0.03333
23281,432137.0925,9,432137.3925,0.0,0.0,0.03333
23281,432137.0925,10,432137.4258,0.0,0.0,0.03333
23281,432137.0925,11,432137.4591,0.0,0.0,0.03333
23281,432137.0925,12,432137.4925,0.0,0.0,0.03333
23281,432137.0925,13,432137.5258,0.0,0.0,0.03333
23281,432137.0925,14,432137.5591,0.0,0.0,0.03333
23281,432137.0925,15,432137.5925,0.0,0.0,0.03333
23281,432137.0925,16,432137.6258,0.0,0.0,0.03333
23281,432137.0925,17,432137.6591,0.0,0.0,0.03333
23281,432137.0925,18,432137.6925,0.0,0.0,0.03333
23281,432137.0925,19,432137.7258,0.0,0.0,0.03333
23281,432137.0925,20,432137.7591,0.0,0.0,0.03333
23281,432137.0925,21,432137.7925,0.0,0.0,0.03333
23281,432137.0925,22,432137.8258,0.0,0.0,0.03333
23281,432137.0925,23,432137.8591,0.0,0.0,0.03333
23281,432137.0925,24,432137.8925,0.0,0.0,0.03333
23281,432137.0925,25,432137.9258,0.0,0.0,0.03333
23281,432137.0925,26,432137.9591,0.0,0.0,0.03333
23281,432137.0925,27,432137.9925,0.0,0.0,0.03333
23281,432137.0925,28,432138.0258,0.0,0.0,0.03333
23281,432137.0925,29,432138.0591,0.0,0.0,0.03333
23281,432137.0925,30,432138.0925,0.0,0.0,0.03333
23281,432137.0925,31,432138.1258,0.0,0.0,0.03333
23282,432137.4982,0,432137.4982,0.0,0.0,0.03333
23282,432137.4982,1,432137.5315,0.0,0.0,0.03333
23282,432137.4982,2,432137.5649,0.0,0.0,0.03333
23282,432137.4982,3,432137.5982,0.0,0.0,0.03333
23282,432137.4982,4,432137.6315,0.0,0.0,0.03333
23282,432137.4982,5,432137.6649,0.0,0.0,0.03333
23282,432137.4982,6,432137.6982,0.0,0.0,0.03333
23282,432137.4982,7,432137.7315,0.0,0.0,0.03333
23282,432137.4982,8,432137.7649,0.0,0.0,0.03333
23282,432137.4982,9,432137.7982,0.0,0.0,0.03333
23282,432137.4982,10,432137.8315,0.0,0.0,0.03333
23282,432137.4982,11,432137.8649,0.0,0.0,0.03333
23282,432137.4982,12,432137.8982,0.0,0.0,0.03333
23282,432137.4982,13,432137.9315,0.0,0.0,0.03333
23282,432137.4982,14,432137.9649,0.0,0.0,0.03333
23282,432137.4982,15,432137.9982,0.0,0.0,0.03333
23282,432137.4982,16,432138.0315,0.0,0.0,0.03333
23282,432137.4982,17,432138.0649,0.0,0.0,0.03333
23282,432137.4982,18,432138.0982,0.0,0.0,0.03333
23282,432137.4982,19,432138.1315,0.0,0.0,0.03333
23282,432137.4982,20,432138.1649,0.0,0.0,0.03333
23282,432137.4982,21,432138.1982,0.0,0.0,0.03333
23282,432137.4982,22,432138.2315,0.0,0.0,0.03333
23282,432137.4982,23,432138.2649,0.0,0.0,0.03333
23282,432137.4982,24,432138.2982,0.0,0.0,0.03333
23282,432137.4982,25,432138.3315,0.0,0.0,0.03333
23282,432137.4982,26,432138.3649,0.0,0.0,0.03333
23282,432137.4982,27,432138.3982,0.0,0.0,0.03333
23282,432137.4982,28,432138.4315,0.0,0.0,0.03333
23282,432137.4982,29,432138.4649,0.0,0.0,0.03333
23282,432137.4982,30,432138.4982,0.0,0.0,0.03333
23282,432137.4982,31,432138.5315,0.0,0.0,0.03333
23283,432137.4982,0,432137.4982,0.0,0.0,0.03333
23283,432137.4982,1,432137.5315,0.0,0.0,0.03333
23283,432137.4982,2,432137.5649,0.0,0.0,0.03333
23283,432137.4982,3,432137.5982,0.0,0.0,0.03333
23283,432137.4982,4,432137.6315,0.0,0.0,0.03333
23283,432137.4982,5,432137.6649,0.0,0.0,0.03333
23283,432137.4982,6,432137.6982,0.0,0.0,0.03333
23283,432137.4982,7,432137.7315,0.0,0.0,0.03333
23283,432137.4982,8,432137.7649,0.0,0.0,0.03333
23283,432137.4982,9,432137.7982,0.0,0.0,0.03333
23283,432137.4982,10,432137.8315,0.0,0.0,0.03333
23283,432137.4982,11,432137.8649,0.0,0.0,0.03333
23283,432137.4982,12,432137.8982,0.0,0.0,0.03333
23283,432137.4982,13,432137.9315,0.0,0.0,0.03333
23283,432137.4982,14,432137.9649,0.0,0.0,0.03333
23283,432137.4982,15,432137.9982,0.0,0.0,0.03333
23283,432137.4982,16,432138.0315,0.0,0.0,0.03333
23283,432137.4982,17,432138.0649,0.0,0.0,0.03333
23283,432137.4982,18,432138.0982,0.0,0.0,0.03333
23283,432137.4982,19,432138.1315,0.0,0.0,0.03333
23283,432137.4982,20,432138.1649,0.0,0.0,0.03333
23283,432137.4982,21,432138.1982,0.0,0.0,0.03333
23283,432137.4982,22,432138.2315,0.0,0.0,0.03333
23283,432137.4982,23,432138.2649,0.0,0.0,0.03333
23283,432137.4982,24,432138.2982,0.0,0.0,0.03333
23283,432137.4982,25,432138.3315,0.0,0.0,0.03333
23283,432137.4982,26,432138.3649,0.0,0.0,0.03333
23283,432137.4982,27,432138.3982,0.0,0.0,0.03333
23283,432137.4982,28,432138.4315,0.0,0.0,0.03333
23283,432137.4982,29,432138.4649,0.0,0.0,0.03333
23283,432137.4982,30,432138.4982,0.0,0.0,0.03333
23283,432137.4982,31,432138.5315,0.0,0.0,0.03333
23284,432137.4982,0,432137.4982,0.0,0.0,0.03333
23284,432137.4982,1,432137.5315,0.0,0.0,0.03333
23284,432137.4982,2,432137.5649,0.0,0.0,0.03333
23284,432137.4982,3,432137.5982,0.0,0.0,0.03333
23284,432137.4982,4,432137.6315,0.0,0.0,0.03333
23284,432137.4982,5,432137.6649,0.0,0.0,0.03333
23284,432137.4982,6,432137.6982,0.0,0.0,0.03333
23284,432137.4982,7,432137.7315,0.0,0.0,0.03333
23284,432137.4982,8,432137.7649,0.0,0.0,0.03333
23284,432137.4982,9,432137.7982,0.0,0.0,0.03333
23284,432137.4982,10,432137.8315,0.0,0.0,0.03333
23284,432137.4982,11,432137.8649,0.0,0.0,0.03333
23284,432137.4982,12,432137.8982,0.0,0.0,0.03333
23284,432137.4982,13,432137.9315,0.0,0.0,0.03333
23284,432137.4982,14,432137.9649,0.0,0.0,0.03333
23284,432137.4982,15,432137.9982,0.0,0.0,0.03333
23284,432137.4982,16,432138.0315,0.0,0.0,0.03333
23284,432137.4982,17,432138.0649,0.0,0.0,0.03333
23284,432137.4982,18,432138.0982,0.0,0.0,0.03333
23284,432137.4982,19,432138.1315,0.0,0.0,0.03333
23284,432137.4982,20,432138.1649,0.0,0.0,0.03333
23284,432137.4982,21,432138.1982,0.0,0.0,0.03333
23284,432137.4982,22,432138.2315,0.0,0.0,0.03333
23284,432137.4982,23,432138.2649,0.0,0.0,0.03333
23284,432137.4982,24,432138.2982,0.0,0.0,0.03333
23284,432137.4982,25,432138.3315,0.0,0.0,0.03333
23284,432137.4982,26,432138.3649,0.0,0.0,0.03333
23284,432137.4982,27,432138.3982,0.0,0.0,0.03333
23284,432137.4982,28,432138.4315,0.0,0.0,0.03333
23284,432137.4982,29,432138.4649,0.0,0.0,0.03333
23284,432137.4982,30,432138.4982,0.0,0.0,0.03333
23284,432137.4982,31,432138.5315,0.0,0.0,0.03333
23285,432137.4982,0,432137.4982,0.0,0.0,0.03333
23285,432137.4982,1,432137.5315,0.0,0.0,0.03333
23285,432137.4982,2,432137.5649,0.0,0.0,0.03333
23285,432137.4982,3,432137.5982,0.0,0.0,0.03333
23285,432137.4982,4,432137.6315,0.0,0.0,0.03333
23285,432137.4982,5,432137.6649,0.0,0.0,0.03333
23285,432137.4982,6,432137.6982,0.0,0.0,0.03333
23285,432137.4982,7,432137.7315,0.0,0.0,0.03333
23285,432137.4982,8,432137.7649,0.0,0.0,0.03333
23285,432137.4982,9,432137.7982,0.0,0.0,0.03333
23285,432137.4982,10,432137.8315,0.0,0.0,0.03333
23285,432137.4982,11,432137.8649,0.0,0.0,0.03333
23285,432137.4982,12,432137.8982,0.0,0.0,0.03333
23285,432137.4982,13,432137.9315,0.0,0.0,0.03333
23285,432137.4982,14,432137.9649,0.0,0.0,0.03333
23285,432137.4982,15,432137.9982,0.0,0.0,0.03333
23285,432137.4982,16,432138.0315,0.0,0.0,0.03333
23285,432137.4982,17,432138.0649,0.0,0.0,0.03333
23285,432137.4982,18,432138.0982,0.0,0.0,0.03333
23285,432137.4982,19,432138.1315,0.0,0.0,0.03333
23285,432137.4982,20,432138.1649,0.0,0.0,0.03333
23285,432137.4982,21,432138.1982,0.0,0.0,0.03333
23285,432137.4982,22,432138.2315,0.0,0.0,0.03333
23285,432137.4982,23,432138.2649,0.0,0.0,0.03333
23285,432137.4982,24,432138.2982,0.0,0.0,0.03333
23285,432137.4982,25,432138.3315,0.0,0.0,0.03333
23285,432137.4982,26,432138.3649,0.0,0.0,0.03333
23285,432137.4982,27,432138.3982,0.0,0.0,0.03333
23285,432137.4982,28,432138.4315,0.0,0.0,0.03333
23285,432137.4982,29,432138.4649,0.0,0.0,0.03333
23285,432137.4982,30,432138.4982,0.0,0.0,0.03333
23285,432137.4982,31,432138.5315,0.0,0.0,0.03333
23286,432137.9037,0,432137.9037,0.0,0.0,0.03333
23286,432137.9037,1,432137.937,0.0,0.0,0.03333
23286,432137.9037,2,432137.9703,0.0,0.0,0.03333
23286,432137.9037,3,432138.0037,0.0,0.0,0.03333
23286,432137.9037,4,432138.037,0.0,0.0,0.03333
23286,432137.9037,5,432138.0703,0.0,0.0,0.03333
23286,432137.9037,6,432138.1037,0.0,0.0,0.03333
23286,432137.9037,7,432138.137,0.0,0.0,0.03333
23286,432137.9037,8,432138.1703,0.0,0.0,0.03333
23286,432137.9037,9,432138.2037,0.0,0.0,0.03333
23286,432137.9037,10,432138.237,0.0,0.0,0.03333
23286,432137.9037,11,432138.2703,0.0,0.0,0.03333
23286,432137.9037,12,432138.3037,0.0,0.0,0.03333
23286,432137.9037,13,432138.337,0.0,0.0,0.03333
23286,432137.9037,14,432138.3703,0.0,0.0,0.03333
23286,432137.9037,15,432138.4037,0.0,0.0,0.03333
23286,432137.9037,16,432138.437,0.0,0.0,0.03333
23286,432137.9037,17,432138.4703,0.0,0.0,0.03333
23286,432137.9037,18,432138.5037,0.0,0.0,0.03333
23286,432137.9037,19,432138.537,0.0,0.0,0.03333
23286,432137.9037,20,432138.5703,0.0,0.0,0.03333
23286,432137.9037,21,432138.6037,0.0,0.0,0.03333
23286,432137.9037,22,432138.637,0.0,0.0,0.03333
23286,432137.9037,23,432138.6703,0.0,0.0,0.03333
23286,432137.9037,24,432138.7037,0.0,0.0,0.03333
23286,432137.9037,25,432138.737,0.0,0.0,0.03333
23286,432137.9037,26,432138.7703,0.0,0.0,0.03333
23286,432137.9037,27,432138.8037,0.0,0.0,0.03333
23286,432137.9037,28,432138.837,0.0,0.0,0.03333
23286,432137.9037,29,432138.8703,0.0,0.0,0.03333
23286,432137.9037,30,432138.9037,0.0,0.0,0.03333
23286,432137.9037,31,432138.937,0.0,0.0,0.03333
23287,432137.9037,0,432137.9037,0.0,0.0,0.03333
23287,432137.9037,1,432137.937,0.0,0.0,0.03333
23287,432137.9037,2,432137.9703,0.0,0.0,0.03333
23287,432137.9037,3,432138.0037,0.0,0.0,0.03333
23287,432137.9037,4,432138.037,0.0,0.0,0.03333
23287,432137.9037,5,432138.0703,0.0,0.0,0.03333
23287,432137.9037,6,432138.1037,0.0,0.0,0.03333
23287,432137.9037,7,432138.137,0.0,0.0,0.03333
23287,432137.9037,8,432138.1703,0.0,0.0,0.03333
23287,432137.9037,9,432138.2037,0.0,0.0,0.03333
23287,432137.9037,10,432138.237,0.0,0.0,0.03333
23287,432137.9037,11,432138.2703,0.0,0.0,0.03333
23287,432137.9037,12,432138.3037,0.0,0.0,0.03333
23287,432137.9037,13,432138.337,0.0,0.0,0.03333
23287,432137.9037,14,432138.3703,0.0,0.0,0.03333
23287,432137.9037,15,432138.4037,0.0,0.0,0.03333
23287,432137.9037,16,432138.437,0.0,0.0,0.03333
23287,432137.9037,17,432138.4703,0.0,0.0,0.03333
23287,432137.9037,18,432138.5037,0.0,0.0,0.03333
23287,432137.9037,19,432138.537,0.0,0.0,0.03333
23287,432137.9037,20,432138.5703,0.0,0.0,0.03333
23287,432137.9037,21,432138.6037,0.0,0.0,0.03333
23287,432137.9037,22,432138.637,0.0,0.0,0.03333
23287,432137.9037,23,432138.6703,0.0,0.0,0.03333
23287,432137.9037,24,432138.7037,0.0,0.0,0.03333
23287,432137.9037,25,432138.737,0.0,0.0,0.03333
23287,432137.9037,26,432138.7703,0.0,0.0,0.03333
23287,432137.9037,27,432138.8037,0.0,0.0,0.03333
23287,432137.9037,28,432138.837,0.0,0.0,0.03333
23287,432137.9037,29,432138.8703,0.0,0.0,0.03333
23287,432137.9037,30,432138.9037,0.0,0.0,0.03333
23287,432137.9037,31,432138.937,0.0,0.0,0.03333
23288,432137.9037,0,432137.9037,0.0,0.0,0.03333
23288,432137.9037,1,432137.937,0.0,0.0,0.03333
23288,432137.9037,2,432137.9703,0.0,0.0,0.03333
23288,432137.9037,3,432138.0037,0.0,0.0,0.03333
23288,432137.9037,4,432138.037,0.0,0.0,0.03333
23288,432137.9037,5,432138.0703,0.0,0.0,0.03333
23288,432137.9037,6,432138.1037,0.0,0.0,0.03333
23288,432137.9037,7,432138.137,0.0,0.0,0.03333
23288,432137.9037,8,432138.1703,0.0,0.0,0.03333
23288,432137.9037,9,432138.2037,0.0,0.0,0.03333
23288,432137.9037,10,432138.237,0.0,0.0,0.03333
23288,432137.9037,11,432138.2703,0.0,0.0,0.03333
23288,432137.9037,12,432138.3037,0.0,0.0,0.03333
23288,432137.9037,13,432138.337,0.0,0.0,0.03333
23288,432137.9037,14,432138.3703,0.0,0.0,0.03333
23288,432137.9037,15,432138.4037,0.0,0.0,0.03333
23288,432137.9037,16,432138.437,0.0,0.0,0.03333
23288,432137.9037,17,432138.4703,0.0,0.0,0.03333
23288,432137.9037,18,432138.5037,0.0,0.0,0.03333
23288,432137.9037,19,432138.537,0.0,0.0,0.03333
23288,432137.9037,20,432138.5703,0.0,0.0,0.03333
23288,432137.9037,21,432138.6037,0.0,0.0,0.03333
23288,432137.9037,22,432138.637,0.0,0.0,0.03333
23288,432137.9037,23,432138.6703,0.0,0.0,0.03333
23288,432137.9037,24,432138.7037,0.0,0.0,0.03333
23288,432137.9037,25,432138.737,0.0,0.0,0.03333
23288,432137.9037,26,432138.7703,0.0,0.0,0.03333
23288,432137.9037,27,432138.8037,0.0,0.0,0.03333
23288,432137.9037,28,432138.837,0.0,0.0,0.03333
23288,432137.9037,29,432138.8703,0.0,0.0,0.03333
23288,432137.9037,30,432138.9037,0.0,0.0,0.03333
23288,432137.9037,31,432138.937,0.0,0.0,0.03333
23289,432137.9037,0,432137.9037,0.0,0.0,0.03333
23289,432137.9037,1,432137.937,0.0,0.0,0.03333
23289,432137.9037,2,432137.9703,0.0,0.0,0.03333
23289,432137.9037,3,432138.0037,0.0,0.0,0.03333
23289,432137.9037,4,432138.037,0.0,0.0,0.03333
23289,432137.9037,5,432138.0703,0.0,0.0,0.03333
23289,432137.9037,6,432138.1037,0.0,0.0,0.03333
23289,432137.9037,7,432138.137,0.0,0.0,0.03333
23289,432137.9037,8,432138.1703,0.0,0.0,0.03333
23289,432137.9037,9,432138.2037,0.0,0.0,0.03333
23289,432137.9037,10,432138.237,0.0,0.0,0.03333
23289,432137.9037,11,432138.2703,0.0,0.0,0.03333
23289,432137.9037,12,432138.3037,0.0,0.0,0.03333
23289,432137.9037,13,432138.337,0.0,0.0,0.03333
23289,432137.9037,14,432138.3703,0.0,0.0,0.03333
23289,432137.9037,15,432138.4037,0.0,0.0,0.03333
23289,432137.9037,16,432138.437,0.0,0.0,0.03333
23289,432137.9037,17,432138.4703,0.0,0.0,0.03333
23289,432137.9037,18,432138.5037,0.0,0.0,0.03333
23289,432137.9037,19,432138.537,0.0,0.0,0.03333
23289,432137.9037,20,432138.5703,0.0,0.0,0.03333
23289,432137.9037,21,432138.6037,0.0,0.0,0.03333
23289,432137.9037,22,432138.637,0.0,0.0,0.03333
23289,432137.9037,23,432138.6703,0.0,0.0,0.03333
23289,432137.9037,24,432138.7037,0.0,0.0,0.03333
23289,432137.9037,25,432138.737,0.0,0.0,0.03333
23289,432137.9037,26,432138.7703,0.0,0.0,0.03333
23289,432137.9037,27,432138.8037,0.0,0.0,0.03333
23289,432137.9037,28,432138.837,0.0,0.0,0.03333
23289,432137.9037,29,432138.8703,0.0,0.0,0.03333
23289,432137.9037,30,432138.9037,0.0,0.0,0.03333
23289,432137.9037,31,432138.937,0.0,0.0,0.03333
23290,432138.3099,0,432138.3099,0.0,0.0,0.03333
23290,432138.3099,1,432138.3432,0.0,0.0,0.03333
23290,432138.3099,2,432138.3766,0.0,0.0,0.03333
23290,432138.3099,3,432138.4099,0.0,0.0,0.03333
23290,432138.3099,4,432138.4432,0.0,0.0,0.03333
23290,432138.3099,5,432138.4766,0.0,0.0,0.03333
23290,432138.3099,6,432138.5099,0.0,0.0,0.03333
23290,432138.3099,7,432138.5432,0.0,0.0,0.03333
23290,432138.3099,8,432138.5766,0.0,0.0,0.03333
23290,432138.3099,9,432138.6099,0.0,0.0,0.03333
23290,432138.3099,10,432138.6432,0.0,0.0,0.03333
23290,432138.3099,11,432138.6766,0.0,0.0,0.03333
23290,432138.3099,12,432138.7099,0.0,0.0,0.03333
23290,432138.3099,13,432138.7432,0.0,0.0,0.03333
23290,432138.3099,14,432138.7766,0.0,0.0,0.03333
23290,432138.3099,15,432138.8099,0.0,0.0,0.03333
23290,432138.3099,16,432138.8432,0.0,0.0,0.03333
23290,432138.3099,17,432138.8766,0.0,0.0,0.03333
23290,432138.3099,18,432138.9099,0.0,0.0,0.03333
23290,432138.3099,19,432138.9432,0.0,0.0,0.03333
23290,432138.3099,20,432138.9766,0.0,0.0,0.03333
23290,432138.3099,21,432139.0099,0.0,0.0,0.03333
23290,432138.3099,22,432139.0432,0.0,0.0,0.03333
23290,432138.3099,23,432139.0766,0.0,0.0,0.03333
23290,432138.3099,24,432139.1099,0.0,0.0,0.03333
23290,432138.3099,25,432139.1432,0.0,0.0,0.03333
23290,432138.3099,26,432139.1766,0.0,0.0,0.03333
23290,432138.3099,27,432139.2099,0.0,0.0,0.03333
23290,432138.3099,28,432139.2432,0.0,0.0,0.03333
23290,432138.3099,29,432139.2766,0.0,0.0,0.03333
23290,432138.3099,30,432139.3099,0.0,0.0,0.03333
23290,432138.3099,31,432139.3432,0.0,0.0,0.03333
23291,432138.3099,0,432138.3099,0.0,0.0,0.03333
23291,432138.3099,1,432138.3432,0.0,0.0,0.03333
23291,432138.3099,2,432138.3766,0.0,0.0,0.03333
23291,432138.3099,3,432138.4099,0.0,0.0,0.03333
23291,432138.3099,4,432138.4432,0.0,0.0,0.03333
23291,432138.3099,5,432138.4766,0.0,0.0,0.03333
23291,432138.3099,6,432138.5099,0.0,0.0,0.03333
23291,432138.3099,7,432138.5432,0.0,0.0,0.03333
23291,432138.3099,8,432138.5766,0.0,0.0,0.03333
23291,432138.3099,9,432138.6099,0.0,0.0,0.03333
23291,432138.3099,10,432138.6432,0.0,0.0,0.03333
23291,432138.3099,11,432138.6766,0.0,0.0,0.03333
23291,432138.3099,12,432138.7099,0.0,0.0,0.03333
23291,432138.3099,13,432138.7432,0.0,0.0,0.03333
23291,432138.3099,14,432138.7766,0.0,0.0,0.03333
23291,432138.3099,15,432138.8099,0.0,0.0,0.03333
23291,432138.3099,16,432138.8432,0.0,0.0,0.03333
23291,432138.3099,17,432138.8766,0.0,0.0,0.03333
23291,432138.3099,18,432138.9099,0.0,0.0,0.03333
23291,432138.3099,19,432138.9432,0.0,0.0,0.03333
23291,432138.3099,20,432138.9766,0.0,0.0,0.03333
23291,432138.3099,21,432139.0099,0.0,0.0,0.03333
23291,432138.3099,22,432139.0432,0.0,0.0,0.03333
23291,432138.3099,23,432139.0766,0.0,0.0,0.03333
23291,432138.3099,24,432139.1099,0.0,0.0,0.03333
23291,432138.3099,25,432139.1432,0.0,0.0,0.03333
23291,432138.3099,26,432139.1766,0.0,0.0,0.03333
23291,432138.3099,27,432139.2099,0.0,0.0,0.03333
23291,432138.3099,28,432139.2432,0.0,0.0,0.03333
23291,432138.3099,29,432139.2766,0.0,0.0,0.03333
23291,432138.3099,30,432139.3099,0.0,0.0,0.03333
23291,432138.3099,31,432139.3432,0.0,0.0,0.03333
23292,432138.3099,0,432138.3099,0.0,0.0,0.03333
23292,432138.3099,1,432138.3432,0.0,0.0,0.03333
23292,432138.3099,2,432138.3766,0.0,0.0,0.03333
23292,432138.3099,3,432138.4099,0.0,0.0,0.03333
23292,432138.3099,4,432138.4432,0.0,0.0,0.03333
23292,432138.3099,5,432138.4766,0.0,0.0,0.03333
23292,432138.3099,6,432138.5099,0.0,0.0,0.03333
23292,432138.3099,7,432138.5432,0.0,0.0,0.03333
23292,432138.3099,8,432138.5766,0.0,0.0,0.03333
23292,432138.3099,9,432138.6099,0.0,0.0,0.03333
23292,432138.3099,10,432138.6432,0.0,0.0,0.03333
23292,432138.3099,11,432138.6766,0.0,0.0,0.03333
23292,432138.3099,12,432138.7099,0.0,0.0,0.03333
23292,432138.3099,13,432138.7432,0.0,0.0,0.03333
23292,432138.3099,14,432138.7766,0.0,0.0,0.03333
23292,432138.3099,15,432138.8099,0.0,0.0,0.03333
23292,432138.3099,16,432138.8432,0.0,0.0,0.03333
23292,432138.3099,17,432138.8766,0.0,0.0,0.03333
23292,432138.3099,18,432138.9099,0.0,0.0,0.03333
23292,432138.3099,19,432138.9432,0.0,0.0,0.03333
23292,432138.3099,20,432138.9766,0.0,0.0,0.03333
23292,432138.3099,21,432139.0099,0.0,0.0,0.03333
23292,432138.3099,22,432139.0432,0.0,0.0,0.03333
23292,432138.3099,23,432139.0766,0.0,0.0,0.03333
23292,432138.3099,24,432139.1099,0.0,0.0,0.03333
23292,432138.3099,25,432139.1432,0.0,0.0,0.03333
23292,432138.3099,26,432139.1766,0.0,0.0,0.03333
23292,432138.3099,27,432139.2099,0.0,0.0,0.03333
23292,432138.3099,28,432139.2432,0.0,0.0,0.03333
23292,432138.3099,29,432139.2766,0.0,0.0,0.03333
23292,432138.3099,30,432139.3099,0.0,0.0,0.03333
23292,432138.3099,31,432139.3432,0.0,0.0,0.03333
23293,432138.3099,0,432138.3099,0.0,0.0,0.03333
23293,432138.3099,1,432138.3432,0.0,0.0,0.03333
23293,432138.3099,2,432138.3766,0.0,0.0,0.03333
23293,432138.3099,3,432138.4099,0.0,0.0,0.03333
23293,432138.3099,4,432138.4432,0.0,0.0,0.03333
23293,432138.3099,5,432138.4766,0.0,0.0,0.03333
23293,432138.3099,6,432138.5099,0.0,0.0,0.03333
23293,432138.3099,7,432138.5432,0.0,0.0,0.03333
23293,432138.3099,8,432138.5766,0.0,0.0,0.03333
23293,432138.3099,9,432138.6099,0.0,0.0,0.03333
23293,432138.3099,10,432138.6432,0.0,0.0,0.03333
23293,432138.3099,11,432138.6766,0.0,0.0,0.03333
23293,432138.3099,12,432138.7099,0.0,0.0,0.03333
23293,432138.3099,13,432138.7432,0.0,0.0,0.03333
23293,432138.3099,14,432138.7766,0.0,0.0,0.03333
23293,432138.3099,15,432138.8099,0.0,0.0,0.03333
23293,432138.3099,16,432138.8432,0.0,0.0,0.03333
23293,432138.3099,17,432138.8766,0.0,0.0,0.03333
23293,432138.3099,18,432138.9099,0.0,0.0,0.03333
23293,432138.3099,19,432138.9432,0.0,0.0,0.03333
23293,432138.3099,20,432138.9766,0.0,0.0,0.03333
23293,432138.3099,21,432139.0099,0.0,0.0,0.03333
23293,432138.3099,22,432139.0432,0.0,0.0,0.03333
23293,432138.3099,23,432139.0766,0.0,0.0,0.03333
23293,432138.3099,24,432139.1099,0.0,0.0,0.03333
23293,432138.3099,25,432139.1432,0.0,0.0,0.03333
23293,432138.3099,26,432139.1766,0.0,0.0,0.03333
23293,432138.3099,27,432139.2099,0.0,0.0,0.03333
23293,432138.3099,28,432139.2432,0.0,0.0,0.03333
23293,432138.3099,29,432139.2766,0.0,0.0,0.03333
23293,432138.3099,30,432139.3099,0.0,0.0,0.03333
23293,432138.3099,31,432139.3432,0.0,0.0,0.03333
23294,432138.7161,0,432138.7161,0.0,0.0,0.03333
23294,432138.7161,1,432138.7494,0.0,0.0,0.03333
23294,432138.7161,2,432138.7828,0.0,0.0,0.03333
23294,432138.7161,3,432138.8161,0.0,0.0,0.03333
23294,432138.7161,4,432138.8494,0.0,0.0,0.03333
23294,432138.7161,5,432138.8828,0.0,0.0,0.03333
23294,432138.7161,6,432138.9161,0.0,0.0,0.03333
23294,432138.7161,7,432138.9494,0.0,0.0,0.03333
23294,432138.7161,8,432138.9828,0.0,0.0,0.03333
23294,432138.7161,9,432139.0161,0.0,0.0,0.03333
23294,432138.7161,10,432139.0494,0.0,0.0,0.03333
23294,432138.7161,11,432139.0828,0.0,0.0,0.03333
23294,432138.7161,12,432139.1161,0.0,0.0,0.03333
23294,432138.7161,13,432139.1494,0.0,0.0,0.03333
23294,432138.7161,14,432139.1828,0.0,0.0,0.03333
23294,432138.7161,15,432139.2161,0.0,0.0,0.03333
23294,432138.7161,16,432139.2494,0.0,0.0,0.03333
23294,432138.7161,17,432139.2828,0.0,0.0,0.03333
23294,432138.7161,18,432139.3161,0.0,0.0,0.03333
23294,432138.7161,19,432139.3494,0.0,0.0,0.03333
23294,432138.7161,20,432139.3828,0.0,0.0,0.03333
23294,432138.7161,21,432139.4161,0.0,0.0,0.03333
23294,432138.7161,22,432139.4494,0.0,0.0,0.03333
23294,432138.7161,23,432139.4828,0.0,0.0,0.03333
23294,432138.7161,24,432139.5161,0.0,0.0,0.03333
23294,432138.7161,25,432139.5494,0.0,0.0,0.03333
23294,432138.7161,26,432139.5828,0.0,0.0,0.03333
23294,432138.7161,27,432139.6161,0.0,0.0,0.03333
23294,432138.7161,28,432139.6494,0.0,0.0,0.03333
23294,432138.7161,29,432139.6828,0.0,0.0,0.03333
23294,432138.7161,30,432139.7161,0.0,0.0,0.03333
23294,432138.7161,31,432139.7494,0.0,0.0,0.03333
23295,432138.7161,0,432138.7161,0.0,0.0,0.03333
23295,432138.7161,1,432138.7494,0.0,0.0,0.03333
23295,432138.7161,2,432138.7828,0.0,0.0,0.03333
23295,432138.7161,3,432138.8161,0.0,0.0,0.03333
23295,432138.7161,4,432138.8494,0.0,0.0,0.03333
23295,432138.7161,5,432138.8828,0.0,0.0,0.03333
23295,432138.7161,6,432138.9161,0.0,0.0,0.03333
23295,432138.7161,7,432138.9494,0.0,0.0,0.03333
23295,432138.7161,8,432138.9828,0.0,0.0,0.03333
23295,432138.7161,9,432139.0161,0.0,0.0,0.03333
23295,432138.7161,10,432139.0494,0.0,0.0,0.03333
23295,432138.7161,11,432139.0828,0.0,0.0,0.03333
23295,432138.7161,12,432139.1161,0.0,0.0,0.03333
23295,432138.7161,13,432139.1494,0.0,0.0,0.03333
23295,432138.7161,14,432139.1828,0.0,0.0,0.03333
23295,432138.7161,15,432139.2161,0.0,0.0,0.03333
23295,432138.7161,16,432139.2494,0.0,0.0,0.03333
23295,432138.7161,17,432139.2828,0.0,0.0,0.03333
23295,432138.7161,18,432139.3161,0.0,0.0,0.03333
23295,432138.7161,19,432139.3494,0.0,0.0,0.03333
23295,432138.7161,20,432139.3828,0.0,0.0,0.03333
23295,432138.7161,21,432139.4161,0.0,0.0,0.03333
23295,432138.7161,22,432139.4494,0.0,0.0,0.03333
23295,432138.7161,23,432139.4828,0.0,0.0,0.03333
23295,432138.7161,24,432139.5161,0.0,0.0,0.03333
23295,432138.7161,25,432139.5494,0.0,0.0,0.03333
23295,432138.7161,26,432139.5828,0.0,0.0,0.03333
23295,432138.7161,27,432139.6161,0.0,0.0,0.03333
23295,432138.7161,28,432139.6494,0.0,0.0,0.03333
23295,432138.7161,29,432139.6828,0.0,0.0,0.03333
23295,432138.7161,30,432139.7161,0.0,0.0,0.03333
23295,432138.7161,31,432139.7494,0.0,0.0,0.03333
23296,432138.7161,0,432138.7161,0.0,0.0,0.03333
23296,432138.7161,1,432138.7494,0.0,0.0,0.03333
23296,432138.7161,2,432138.7828,0.0,0.0,0.03333
23296,432138.7161,3,432138.8161,0.0,0.0,0.03333
23296,432138.7161,4,432138.8494,0.0,0.0,0.03333
23296,432138.7161,5,432138.8828,0.0,0.0,0.03333
23296,432138.7161,6,432138.9161,0.0,0.0,0.03333
23296,432138.7161,7,432138.9494,0.0,0.0,0.03333
23296,432138.7161,8,432138.9828,0.0,0.0,0.03333
23296,432138.7161,9,432139.0161,0.0,0.0,0.03333
23296,432138.7161,10,432139.0494,0.0,0.0,0.03333
23296,432138.7161,11,432139.0828,0.0,0.0,0.03333
23296,432138.7161,12,432139.1161,0.0,0.0,0.03333
23296,432138.7161,13,432139.1494,0.0,0.0,0.03333
23296,432138.7161,14,432139.1828,0.0,0.0,0.03333
23296,432138.7161,15,432139.2161,0.0,0.0,0.03333
23296,432138.7161,16,432139.2494,0.0,0.0,0.03333
23296,432138.7161,17,432139.2828,0.0,0.0,0.03333
23296,432138.7161,18,432139.3161,0.0,0.0,0.03333
23296,432138.7161,19,432139.3494,0.0,0.0,0.03333
23296,432138.7161,20,432139.3828,0.0,0.0,0.03333
23296,432138.7161,21,432139.4161,0.0,0.0,0.03333
23296,432138.7161,22,432139.4494,0.0,0.0,0.03333
23296,432138.7161,23,432139.4828,0.0,0.0,0.03333
23296,432138.7161,24,432139.5161,0.0,0.0,0.03333
23296,432138.7161,25,432139.5494,0.0,0.0,0.03333
23296,432138.7161,26,432139.5828,0.0,0.0,0.03333
23296,432138.7161,27,432139.6161,0.0,0.0,0.03333
23296,432138.7161,28,432139.6494,0.0,0.0,0.03333
23296,432138.7161,29,432139.6828,0.0,0.0,0.03333
23296,432138.7161,30,432139.7161,0.0,0.0,0.03333
23296,432138.7161,31,432139.7494,0.0,0.0,0.03333
